temps,info
2021-07-04 06:14:27,GET /activ 200 11460 - 49.787 ms

2021-07-04 06:14:35,GET /profil 302 64 - 25.967 ms

2021-07-04 06:14:35,GET /connecter 200 6458 - 5.665 ms

2021-07-04 06:14:41,POST /connecter 302 58 - 151.576 ms

2021-07-04 06:14:41,GET /profil 200 10799 - 4.334 ms

2021-07-04 06:14:41,GET /css/admin.css 404 152 - 7.786 ms

2021-07-04 06:14:46,GET /activ 500 3139 - 22.792 ms

2021-07-04 06:15:19,GET /activ 500 3139 - 17.829 ms

2021-07-04 06:15:29,GET /activ 500 3139 - 89.589 ms

2021-07-04 06:15:29,GET /activ 500 3139 - 57.653 ms

2021-07-04 06:16:17,GET /activ 500 3139 - 56.397 ms

2021-07-04 06:18:11,GET /activ 500 2271 - 60.951 ms

2021-07-04 06:18:12,GET /activ 500 2271 - 10.790 ms

2021-07-04 06:19:08,GET /activ 500 2273 - 60.495 ms

2021-07-04 06:19:10,GET /activ 500 2273 - 13.930 ms

2021-07-04 06:19:22,GET /activ 500 2273 - 43.963 ms

2021-07-04 06:19:47,GET /activ 500 3139 - 53.073 ms

2021-07-04 06:20:05,GET /activ 500 2273 - 73.824 ms

2021-07-04 06:20:12,GET /activ 500 2273 - 88.910 ms

2021-07-04 15:36:05,GET /connecter 200 6458 - 137.270 ms

2021-07-04 15:36:08,GET /favicon.ico 404 150 - 14.454 ms

2021-07-04 15:36:13,POST /connecter 302 58 - 671.023 ms

2021-07-04 15:36:13,GET /profil 304 - - 51.951 ms

2021-07-04 15:36:13,GET /css/admin.css 404 152 - 8.529 ms

2021-07-04 15:36:16,GET /verifier 302 64 - 2.928 ms

2021-07-04 15:36:16,GET /connecter 200 6458 - 60.863 ms

2021-07-04 15:36:17,GET /favicon.ico 404 150 - 3.275 ms

2021-07-04 15:36:50,POST /connecter 302 58 - 119.586 ms

2021-07-04 15:36:50,GET /profil 200 6613 - 10.817 ms

2021-07-04 15:36:50,GET /css/admin.css 404 152 - 4.596 ms

2021-07-04 15:36:52,GET /saisie 200 36858 - 16.042 ms

2021-07-04 15:36:52,GET /css/PageSaisie.css 404 157 - 3.152 ms

2021-07-04 15:55:56,GET /saisie 302 64 - 28.548 ms

2021-07-04 15:55:56,GET /connecter 200 6458 - 45.511 ms

2021-07-04 15:56:02,POST /connecter 302 58 - 146.934 ms

2021-07-04 15:56:02,GET /profil 304 - - 7.521 ms

2021-07-04 15:56:02,GET /css/admin.css 404 152 - 7.785 ms

2021-07-04 15:56:04,GET /saisie 200 36876 - 10.659 ms

2021-07-04 15:56:04,GET /css/PageSaisie.css 404 157 - 7.702 ms

2021-07-04 16:01:58,GET /saisie 302 64 - 32.454 ms

2021-07-04 16:01:59,GET /connecter 200 6458 - 34.375 ms

2021-07-04 16:02:16,POST /connecter 302 58 - 146.279 ms

2021-07-04 16:02:16,GET /profil 304 - - 7.719 ms

2021-07-04 16:02:16,GET /css/admin.css 404 152 - 9.312 ms

2021-07-04 16:02:17,GET /saisie 200 36850 - 11.241 ms

2021-07-04 16:02:18,GET /css/PageSaisie.css 404 157 - 8.172 ms

2021-07-04 17:02:50,GET /saisie 302 64 - 77.601 ms

2021-07-04 17:02:50,GET /connecter 200 6458 - 46.386 ms

2021-07-04 17:02:56,POST /connecter 302 58 - 196.099 ms

2021-07-04 17:02:56,GET /profil 304 - - 48.502 ms

2021-07-04 17:02:56,GET /css/admin.css 404 152 - 7.772 ms

2021-07-04 17:02:59,GET /saisie 200 36878 - 9.417 ms

2021-07-04 17:02:59,GET /css/PageSaisie.css 404 157 - 6.511 ms

2021-07-04 17:09:58,GET /saisie 302 64 - 26.842 ms

2021-07-04 17:09:58,GET /connecter 200 6458 - 39.630 ms

2021-07-04 17:10:04,POST /connecter 302 58 - 148.858 ms

2021-07-04 17:10:04,GET /profil 304 - - 8.849 ms

2021-07-04 17:10:04,GET /css/admin.css 404 152 - 7.591 ms

2021-07-04 17:10:05,GET /saisie 200 36878 - 13.522 ms

2021-07-04 17:10:06,GET /css/PageSaisie.css 404 157 - 6.542 ms

2021-07-04 17:19:08,GET /saisie 302 64 - 28.122 ms

2021-07-04 17:19:08,GET /connecter 200 6458 - 35.494 ms

2021-07-04 17:19:08,GET /connecter 304 - - 5.861 ms

2021-07-04 17:19:15,POST /connecter 302 58 - 143.622 ms

2021-07-04 17:19:15,GET /profil 304 - - 5.737 ms

2021-07-04 17:19:15,GET /css/admin.css 404 152 - 6.938 ms

2021-07-04 17:19:16,GET /saisie 200 36878 - 17.172 ms

2021-07-04 17:19:16,GET /css/PageSaisie.css 404 157 - 8.256 ms

2021-07-04 17:25:31,GET /saisie 200 36878 - 15.650 ms

2021-07-04 17:25:31,GET /saisie 200 36878 - 17.758 ms

2021-07-04 17:35:47,GET /saisie 302 64 - 29.307 ms

2021-07-04 17:35:47,GET /connecter 200 6458 - 66.420 ms

2021-07-04 17:36:30,GET /connecter 304 - - 46.218 ms

2021-07-04 17:36:58,POST /connecter 302 58 - 151.075 ms

2021-07-04 17:36:58,GET /profil 304 - - 26.164 ms

2021-07-04 17:36:58,GET /css/admin.css 404 152 - 12.590 ms

2021-07-04 17:36:59,GET /saisie 200 36878 - 14.683 ms

2021-07-04 17:36:59,GET /css/PageSaisie.css 404 157 - 7.747 ms

2021-07-04 17:37:44,GET /css/admin.css 404 152 - 2.938 ms

2021-07-04 17:37:45,GET /verifier 200 9853 - 34.112 ms

2021-07-04 17:37:46,GET /css/verification.css 404 159 - 2.888 ms

2021-07-04 17:38:15,POST /verifier 302 60 - 18.017 ms

2021-07-04 17:38:15,GET /complet 304 - - 50.421 ms

2021-07-04 17:38:15,GET /accusee.PNG 404 150 - 3.206 ms

2021-07-04 17:38:17,GET /saisie 304 - - 8.888 ms

2021-07-04 17:38:17,GET /css/PageSaisie.css 404 157 - 4.624 ms

2021-07-04 17:40:43,POST /saisie 302 58 - 36.448 ms

2021-07-04 17:40:43,GET /saisie 200 37000 - 12.510 ms

2021-07-04 17:40:43,GET /css/PageSaisie.css 404 157 - 2.782 ms

2021-07-04 17:48:07,GET /profil 304 - - 6.162 ms

2021-07-04 17:48:07,GET /css/admin.css 404 152 - 3.358 ms

2021-07-04 17:48:16,GET /verifier 200 9853 - 4.826 ms

2021-07-04 17:48:16,GET /css/verification.css 404 159 - 2.827 ms

2021-07-04 17:48:20,GET /profil 304 - - 4.522 ms

2021-07-04 17:48:20,GET /css/admin.css 404 152 - 3.081 ms

2021-07-04 17:48:21,GET /saisie 200 36878 - 8.438 ms

2021-07-04 17:48:21,GET /css/PageSaisie.css 404 157 - 2.484 ms

2021-07-04 17:48:23,GET /profil 304 - - 5.918 ms

2021-07-04 17:48:23,GET /css/admin.css 404 152 - 2.387 ms

2021-07-04 17:48:28,GET /profil 304 - - 3.988 ms

2021-07-04 17:48:28,GET /css/admin.css 404 152 - 2.711 ms

2021-07-04 17:48:45,GET /saisie 304 - - 8.294 ms

2021-07-04 17:48:45,GET /css/PageSaisie.css 404 157 - 3.845 ms

2021-07-04 17:48:53,GET /verifier 304 - - 5.321 ms

2021-07-04 17:48:54,GET /css/verification.css 404 159 - 4.287 ms

2021-07-04 17:49:23,GET /profil 302 64 - 33.594 ms

2021-07-04 17:49:23,GET /connecter 200 6458 - 82.142 ms

2021-07-04 17:49:33,POST /connecter 302 64 - 124.545 ms

2021-07-04 17:49:33,GET /connecter 200 6504 - 6.480 ms

2021-07-04 17:49:40,POST /connecter 302 58 - 113.080 ms

2021-07-04 17:49:40,GET /profil 200 10799 - 21.972 ms

2021-07-04 17:49:40,GET /css/admin.css 404 152 - 8.510 ms

2021-07-04 17:49:55,GET /comptes 304 - - 4.759 ms

2021-07-04 17:49:55,GET /css/verification.css 404 159 - 6.153 ms

2021-07-04 17:49:59,GET /comptes 304 - - 6.960 ms

2021-07-04 17:49:59,GET /css/verification.css 404 159 - 3.059 ms

2021-07-04 17:50:04,GET /listeRec 500 3049 - 30.965 ms

2021-07-04 17:50:14,GET /archiveDossier 304 - - 188.366 ms

2021-07-04 17:50:14,GET /main.css 404 147 - 2.666 ms

2021-07-04 17:50:17,GET /listeDoComplets 200 23315 - 57.424 ms

2021-07-04 17:50:17,GET /main.js 404 146 - 3.535 ms

2021-07-04 17:50:23,GET /listeDoIncomplets 200 48083 - 14.499 ms

2021-07-04 17:50:24,GET /main.js 404 146 - 2.740 ms

2021-07-04 17:50:32,GET /listeDoIncomplets 304 - - 8.989 ms

2021-07-04 17:50:32,GET /main.js 404 146 - 5.742 ms

2021-07-04 17:50:35,POST /validerRecours 200 2023 - 12.886 ms

2021-07-04 17:50:38,GET /listeDemandeurs 200 58983 - 26.267 ms

2021-07-04 17:50:38,GET /main.js 404 146 - 2.623 ms

2021-07-04 17:50:59,GET /listeValidation 200 18696 - 43.886 ms

2021-07-04 17:50:59,GET /main.js 404 146 - 2.847 ms

2021-07-04 17:51:03,GET /listeValidation 304 - - 6.505 ms

2021-07-04 17:51:03,GET /main.js 404 146 - 3.967 ms

2021-07-04 17:51:03,GET /main.js 404 146 - 3.942 ms

2021-07-04 17:51:05,POST /validerRecours 200 2252 - 27.549 ms

2021-07-04 17:51:08,GET /main.js 404 146 - 2.625 ms

2021-07-04 17:51:10,GET /listeRec 500 3049 - 12.999 ms

2021-07-04 17:51:45,GET /profil 302 64 - 45.589 ms

2021-07-04 17:51:45,GET /connecter 200 6458 - 41.426 ms

2021-07-04 17:51:51,POST /connecter 302 58 - 145.504 ms

2021-07-04 17:51:51,GET /profil 200 6443 - 18.449 ms

2021-07-04 17:51:52,GET /css/admin.css 404 152 - 7.551 ms

2021-07-04 17:51:56,GET /DossierVal 302 64 - 5.045 ms

2021-07-04 17:51:56,GET /connecter 200 6458 - 33.711 ms

2021-07-04 17:52:04,POST /connecter 302 58 - 91.309 ms

2021-07-04 17:52:04,GET /profil 200 6443 - 9.357 ms

2021-07-04 17:52:04,GET /css/admin.css 404 152 - 5.480 ms

2021-07-04 17:52:07,GET /DossierVal 200 17256 - 45.955 ms

2021-07-04 17:52:08,GET /main.js 404 146 - 2.385 ms

2021-07-04 17:52:18,GET /DossierNonVal 200 22303 - 33.690 ms

2021-07-04 17:52:18,GET /main.js 404 146 - 4.724 ms

2021-07-04 17:52:24,POST /validerDossiers 200 16048 - 104.815 ms

2021-07-04 17:52:24,GET /main.js 404 146 - 2.626 ms

2021-07-04 17:52:24,GET /main.js 404 146 - 2.485 ms

2021-07-04 17:52:27,POST /Valide 200 9 - 6.411 ms

2021-07-04 17:52:34,GET /DossierNonVal 200 21471 - 7.562 ms

2021-07-04 17:52:34,GET /main.js 404 146 - 2.883 ms

2021-07-04 17:52:34,GET /main.js 404 146 - 3.843 ms

2021-07-04 17:52:40,GET /DossierVal 200 17909 - 9.591 ms

2021-07-04 17:52:40,GET /main.js 404 146 - 4.675 ms

2021-07-04 17:52:41,GET /main.js 404 146 - 2.454 ms

2021-07-05 15:19:53,GET /main.js 404 146 - 1503.537 ms

2021-07-05 15:21:18,GET /DossierVal 302 64 - 82.139 ms

2021-07-05 15:21:18,GET /connecter 200 6458 - 103.696 ms

2021-07-05 15:21:28,POST /connecter 302 58 - 455.243 ms

2021-07-05 15:21:28,GET /profil 200 6613 - 12.905 ms

2021-07-05 15:21:28,GET /css/admin.css 404 152 - 7.262 ms

2021-07-05 15:22:04,GET /profil 302 64 - 2.609 ms

2021-07-05 15:22:04,GET /connecter 200 6458 - 45.939 ms

2021-07-05 15:22:11,POST /connecter 302 58 - 98.138 ms

2021-07-05 15:22:11,GET /profil 200 6613 - 18.573 ms

2021-07-05 15:22:11,GET /css/admin.css 404 152 - 6.495 ms

2021-07-05 15:22:14,GET /saisie 304 - - 30.898 ms

2021-07-05 15:22:14,GET /css/PageSaisie.css 404 157 - 2.809 ms

2021-07-05 15:27:13,GET /profil 200 7189 - 4.261 ms

2021-07-05 15:27:14,GET /css/admin.css 404 152 - 3.385 ms

2021-07-05 15:28:58,GET /profil 200 7189 - 7.722 ms

2021-07-05 15:28:58,GET /css/admin.css 404 152 - 2.850 ms

2021-07-05 15:30:27,GET /profil 200 7242 - 5.411 ms

2021-07-05 15:30:27,GET /css/admin.css 404 152 - 2.910 ms

2021-07-05 15:30:40,GET /profil 200 7242 - 5.163 ms

2021-07-05 15:30:40,GET /css/admin.css 404 152 - 2.922 ms

2021-07-05 15:30:57,GET /profil 200 7242 - 7.932 ms

2021-07-05 15:30:57,GET /css/admin.css 404 152 - 2.395 ms

2021-07-05 15:31:04,GET /profil 200 7216 - 5.057 ms

2021-07-05 15:31:04,GET /css/admin.css 404 152 - 2.755 ms

2021-07-05 15:32:25,GET /profil 200 7249 - 5.024 ms

2021-07-05 15:32:25,GET /css/admin.css 404 152 - 2.609 ms

2021-07-05 15:32:35,GET /profil 200 7222 - 9.221 ms

2021-07-05 15:32:35,GET /css/admin.css 404 152 - 2.522 ms

2021-07-05 15:33:02,GET /profil 200 7254 - 37.537 ms

2021-07-05 15:33:02,GET /css/admin.css 404 152 - 4.285 ms

2021-07-05 15:33:47,GET /profil 200 7286 - 6.151 ms

2021-07-05 15:33:47,GET /css/admin.css 404 152 - 4.195 ms

2021-07-05 15:33:59,GET /profil 200 7285 - 5.325 ms

2021-07-05 15:33:59,GET /css/admin.css 404 152 - 2.336 ms

2021-07-05 15:34:40,GET /profil 200 7082 - 5.041 ms

2021-07-05 15:34:40,GET /css/admin.css 404 152 - 2.685 ms

2021-07-05 15:34:57,GET /profil 200 7253 - 6.023 ms

2021-07-05 15:34:57,GET /css/admin.css 404 152 - 4.162 ms

2021-07-05 15:35:34,GET /profil 200 7306 - 7.386 ms

2021-07-05 15:35:34,GET /css/admin.css 404 152 - 2.801 ms

2021-07-05 15:37:34,GET /profil 200 7244 - 4.240 ms

2021-07-05 15:37:34,GET /css/admin.css 404 152 - 2.349 ms

2021-07-05 15:37:56,GET /profil 200 7270 - 5.720 ms

2021-07-05 15:37:56,GET /css/admin.css 404 152 - 4.317 ms

2021-07-05 15:38:19,GET /profil 200 7268 - 4.031 ms

2021-07-05 15:38:19,GET /css/admin.css 404 152 - 4.262 ms

2021-07-05 15:38:34,GET /profil 200 7294 - 6.928 ms

2021-07-05 15:38:34,GET /css/admin.css 404 152 - 2.308 ms

2021-07-05 15:38:46,GET /profil 200 7293 - 4.687 ms

2021-07-05 15:38:46,GET /css/admin.css 404 152 - 1.713 ms

2021-07-05 15:39:04,GET /profil 200 7295 - 7.459 ms

2021-07-05 15:39:04,GET /css/admin.css 404 152 - 2.559 ms

2021-07-05 15:39:37,GET /profil 200 7321 - 4.414 ms

2021-07-05 15:39:37,GET /css/admin.css 404 152 - 2.278 ms

2021-07-05 15:39:51,GET /profil 200 7321 - 3.247 ms

2021-07-05 15:39:52,GET /css/admin.css 404 152 - 3.916 ms

2021-07-05 15:40:00,GET /profil 200 7321 - 9.470 ms

2021-07-05 15:40:00,GET /css/admin.css 404 152 - 2.229 ms

2021-07-05 15:40:06,GET /profil 200 7268 - 7.940 ms

2021-07-05 15:40:06,GET /css/admin.css 404 152 - 2.018 ms

2021-07-05 15:40:09,DELETE /logout?_method=DELETE 302 64 - 3.319 ms

2021-07-05 15:40:09,GET /connecter 200 6458 - 5.587 ms

2021-07-05 15:40:17,POST /connecter 302 58 - 100.853 ms

2021-07-05 15:40:17,GET /profil 304 - - 17.215 ms

2021-07-05 15:40:17,GET /css/admin.css 404 152 - 2.796 ms

2021-07-05 15:41:37,GET /profil 200 7263 - 6.224 ms

2021-07-05 15:41:37,GET /css/admin.css 404 152 - 2.407 ms

2021-07-05 15:43:03,GET /profil 200 7264 - 3.500 ms

2021-07-05 15:43:04,GET /css/admin.css 404 152 - 2.144 ms

2021-07-05 15:44:07,GET /saisie 304 - - 11.351 ms

2021-07-05 15:44:07,GET /css/PageSaisie.css 404 157 - 2.866 ms

2021-07-05 15:45:00,GET /profil 304 - - 6.664 ms

2021-07-05 15:45:01,GET /css/admin.css 404 152 - 3.033 ms

2021-07-05 15:45:05,GET /verifier 304 - - 30.599 ms

2021-07-05 15:45:06,GET /css/verification.css 404 159 - 3.270 ms

2021-07-05 15:45:12,GET /profil 304 - - 3.455 ms

2021-07-05 15:45:12,GET /css/admin.css 404 152 - 2.046 ms

2021-07-05 15:45:15,GET /profil 304 - - 5.155 ms

2021-07-05 15:45:15,GET /css/admin.css 404 152 - 1.551 ms

2021-07-05 15:45:17,GET /profil 304 - - 3.815 ms

2021-07-05 15:45:17,GET /css/admin.css 404 152 - 2.276 ms

2021-07-05 15:51:10,GET /saisie 200 37210 - 12.582 ms

2021-07-05 15:51:10,GET /css/PageSaisie.css 404 157 - 6.884 ms

2021-07-05 15:52:07,GET /saisie 200 37426 - 12.389 ms

2021-07-05 15:52:07,GET /css/PageSaisie.css 404 157 - 2.200 ms

2021-07-05 15:53:08,GET /saisie 200 37437 - 9.383 ms

2021-07-05 15:53:08,GET /css/PageSaisie.css 404 157 - 2.294 ms

2021-07-05 15:53:49,GET /saisie 200 37463 - 10.012 ms

2021-07-05 15:53:49,GET /css/PageSaisie.css 404 157 - 2.418 ms

2021-07-05 15:54:33,GET /saisie 200 37491 - 8.734 ms

2021-07-05 15:54:33,GET /css/PageSaisie.css 404 157 - 2.293 ms

2021-07-05 15:54:51,GET /saisie 200 37463 - 9.322 ms

2021-07-05 15:54:51,GET /css/PageSaisie.css 404 157 - 1.672 ms

2021-07-05 15:56:28,GET /saisie 200 37675 - 13.600 ms

2021-07-05 15:56:28,GET /css/PageSaisie.css 404 157 - 2.192 ms

2021-07-05 15:56:43,GET /saisie 200 37645 - 6.969 ms

2021-07-05 15:56:44,GET /css/PageSaisie.css 404 157 - 3.108 ms

2021-07-05 15:56:56,GET /saisie 200 37619 - 9.510 ms

2021-07-05 15:56:56,GET /css/PageSaisie.css 404 157 - 3.059 ms

2021-07-05 15:57:13,GET /saisie 200 37619 - 9.643 ms

2021-07-05 15:57:13,GET /css/PageSaisie.css 404 157 - 2.398 ms

2021-07-05 15:57:23,GET /saisie 200 37619 - 11.723 ms

2021-07-05 15:57:23,GET /css/PageSaisie.css 404 157 - 126.769 ms

2021-07-05 15:57:56,GET /saisie 200 37675 - 11.224 ms

2021-07-05 15:57:57,GET /css/PageSaisie.css 404 157 - 2.674 ms

2021-07-05 15:58:10,GET /saisie 200 37619 - 16.274 ms

2021-07-05 15:58:10,GET /css/PageSaisie.css 404 157 - 2.320 ms

2021-07-05 15:58:21,GET /verifier 304 - - 6.899 ms

2021-07-05 15:58:21,GET /css/verification.css 404 159 - 2.378 ms

2021-07-05 15:59:17,GET /verifier 200 10563 - 5.111 ms

2021-07-05 15:59:17,GET /css/verification.css 404 159 - 2.314 ms

2021-07-05 15:59:59,GET /profil 304 - - 6.512 ms

2021-07-05 16:00:00,GET /css/admin.css 404 152 - 2.968 ms

2021-07-05 16:01:14,GET /saisie 304 - - 7.322 ms

2021-07-05 16:01:14,GET /css/PageSaisie.css 404 157 - 2.461 ms

2021-07-05 16:01:18,GET /verifier 304 - - 6.717 ms

2021-07-05 16:01:18,GET /css/verification.css 404 159 - 3.086 ms

2021-07-05 16:02:22,GET /verifier 304 - - 4.510 ms

2021-07-05 16:02:22,GET /css/verification.css 404 159 - 4.870 ms

2021-07-05 16:02:25,DELETE /logout?_method=DELETE 302 64 - 2.356 ms

2021-07-05 16:02:25,GET /connecter 200 6458 - 5.187 ms

2021-07-05 16:06:24,POST /connecter 302 58 - 91.181 ms

2021-07-05 16:06:24,GET /profil 304 - - 5.652 ms

2021-07-05 16:06:24,GET /css/admin.css 404 152 - 2.799 ms

2021-07-05 16:06:27,GET /verifier 304 - - 4.027 ms

2021-07-05 16:06:27,GET /css/verification.css 404 159 - 2.206 ms

2021-07-05 16:06:30,DELETE /logout?_method=DELETE 302 64 - 2.895 ms

2021-07-05 16:06:30,GET /connecter 200 6458 - 8.766 ms

2021-07-05 16:06:43,POST /connecter 302 58 - 101.089 ms

2021-07-05 16:06:43,GET /profil 200 6443 - 47.408 ms

2021-07-05 16:06:44,GET /css/admin.css 404 152 - 4.013 ms

2021-07-05 16:07:47,GET /profil 200 6998 - 6.101 ms

2021-07-05 16:07:47,GET /css/admin.css 404 152 - 2.144 ms

2021-07-05 16:08:22,GET /profil 200 7000 - 5.505 ms

2021-07-05 16:08:22,GET /css/admin.css 404 152 - 2.194 ms

2021-07-05 16:08:28,GET /DossierNonVal 302 58 - 2.613 ms

2021-07-05 16:08:28,GET /profil 200 7264 - 9.948 ms

2021-07-05 16:08:29,GET /css/admin.css 404 152 - 3.533 ms

2021-07-05 16:08:35,GET /DossierNonVal 302 58 - 2.212 ms

2021-07-05 16:08:35,GET /profil 304 - - 22.249 ms

2021-07-05 16:08:35,GET /css/admin.css 404 152 - 2.060 ms

2021-07-05 16:08:38,GET /verifier 302 58 - 2.150 ms

2021-07-05 16:08:38,GET /profil 304 - - 7.370 ms

2021-07-05 16:08:38,GET /css/admin.css 404 152 - 2.080 ms

2021-07-05 16:08:40,GET /DossierNonVal 302 58 - 1.954 ms

2021-07-05 16:08:40,GET /profil 304 - - 7.389 ms

2021-07-05 16:08:40,GET /css/admin.css 404 152 - 2.100 ms

2021-07-05 16:08:41,GET /verifier 302 58 - 1.804 ms

2021-07-05 16:08:41,GET /profil 304 - - 4.903 ms

2021-07-05 16:08:41,GET /css/admin.css 404 152 - 1.978 ms

2021-07-05 16:08:42,GET /DossierNonVal 302 58 - 1.893 ms

2021-07-05 16:08:42,GET /profil 304 - - 4.381 ms

2021-07-05 16:08:42,GET /css/admin.css 404 152 - 1.950 ms

2021-07-05 16:08:43,GET /verifier 302 58 - 2.186 ms

2021-07-05 16:08:43,GET /profil 304 - - 8.545 ms

2021-07-05 16:08:44,GET /css/admin.css 404 152 - 2.031 ms

2021-07-05 16:08:51,GET /recours 304 - - 20.661 ms

2021-07-05 16:08:51,GET /main.js 404 146 - 2.114 ms

2021-07-05 16:09:35,GET /profil 302 64 - 51.212 ms

2021-07-05 16:09:35,GET /connecter 200 6458 - 66.234 ms

2021-07-05 16:09:35,GET /connecter 304 - - 10.654 ms

2021-07-05 16:09:43,POST /connecter 302 58 - 173.435 ms

2021-07-05 16:09:43,GET /profil 200 7000 - 9.523 ms

2021-07-05 16:09:43,GET /css/admin.css 404 152 - 9.790 ms

2021-07-05 16:09:45,GET /DossierNonVal 302 64 - 4.563 ms

2021-07-05 16:09:45,GET /connecter 200 6458 - 11.390 ms

2021-07-05 16:09:59,POST /connecter 302 58 - 90.095 ms

2021-07-05 16:09:59,GET /profil 200 7000 - 5.270 ms

2021-07-05 16:09:59,GET /css/admin.css 404 152 - 4.596 ms

2021-07-05 16:10:00,GET /DossierNonVal 200 21471 - 27.639 ms

2021-07-05 16:10:01,GET /main.js 404 146 - 2.489 ms

2021-07-05 16:10:07,GET /DossierNonVal 304 - - 11.534 ms

2021-07-05 16:10:07,GET /main.js 404 146 - 3.989 ms

2021-07-05 16:10:26,GET /recours 304 - - 6.274 ms

2021-07-05 16:10:26,GET /main.js 404 146 - 3.202 ms

2021-07-05 16:10:28,GET /DossierVal 200 17909 - 40.876 ms

2021-07-05 16:10:28,GET /main.js 404 146 - 2.668 ms

2021-07-05 16:10:28,GET /main.js 404 146 - 2.816 ms

2021-07-05 16:10:30,GET /recours 304 - - 7.061 ms

2021-07-05 16:10:30,GET /main.js 404 146 - 2.900 ms

2021-07-05 16:10:32,GET /DossierVal 304 - - 11.113 ms

2021-07-05 16:10:32,GET /main.js 404 146 - 2.857 ms

2021-07-05 16:10:32,GET /main.js 404 146 - 5.668 ms

2021-07-05 16:10:40,GET /recours 304 - - 8.064 ms

2021-07-05 16:10:40,GET /main.js 404 146 - 4.090 ms

2021-07-05 16:18:17,GET /recours 200 14135 - 8.539 ms

2021-07-05 16:18:18,GET /main.js 404 146 - 2.690 ms

2021-07-05 16:19:07,GET /recours 200 14068 - 7.088 ms

2021-07-05 16:19:07,GET /main.js 404 146 - 3.168 ms

2021-07-05 16:19:19,GET /recours 200 14070 - 8.286 ms

2021-07-05 16:19:19,GET /main.js 404 146 - 3.071 ms

2021-07-05 16:19:56,GET /recours 200 14217 - 26.970 ms

2021-07-05 16:19:56,GET /main.js 404 146 - 2.623 ms

2021-07-05 16:20:35,GET /recours 200 14234 - 5.503 ms

2021-07-05 16:20:35,GET /main.js 404 146 - 2.803 ms

2021-07-05 16:20:50,GET /recours 200 14163 - 8.404 ms

2021-07-05 16:20:50,GET /main.js 404 146 - 2.591 ms

2021-07-05 16:21:10,GET /recours 200 14234 - 8.488 ms

2021-07-05 16:21:10,GET /main.js 404 146 - 2.952 ms

2021-07-05 16:21:46,GET /recours 200 14131 - 14.302 ms

2021-07-05 16:21:46,GET /main.js 404 146 - 2.690 ms

2021-07-05 16:22:12,GET /recours 200 14131 - 9.429 ms

2021-07-05 16:22:12,GET /main.js 404 146 - 2.130 ms

2021-07-05 16:22:37,GET /recours 200 14218 - 9.382 ms

2021-07-05 16:22:37,GET /main.js 404 146 - 2.419 ms

2021-07-05 16:23:04,GET /recours 200 14223 - 17.984 ms

2021-07-05 16:23:04,GET /main.js 404 146 - 2.339 ms

2021-07-05 16:23:38,GET /recours 200 14206 - 4.138 ms

2021-07-05 16:23:38,GET /main.js 404 146 - 2.659 ms

2021-07-05 16:24:10,GET /recours 200 14234 - 7.295 ms

2021-07-05 16:24:11,GET /main.js 404 146 - 2.212 ms

2021-07-05 16:24:34,GET /recours 200 14198 - 6.554 ms

2021-07-05 16:24:34,GET /main.js 404 146 - 1.822 ms

2021-07-05 16:26:40,GET /recours 200 14189 - 7.292 ms

2021-07-05 16:26:40,GET /main.js 404 146 - 4.178 ms

2021-07-05 16:27:46,GET /recours 200 14212 - 12.083 ms

2021-07-05 16:27:46,GET /main.js 404 146 - 3.037 ms

2021-07-05 16:28:46,GET /recours 200 14217 - 15.862 ms

2021-07-05 16:28:47,GET /main.js 404 146 - 2.803 ms

2021-07-05 16:29:56,GET /recours 200 14203 - 10.638 ms

2021-07-05 16:29:57,GET /main.js 404 146 - 2.346 ms

2021-07-05 16:30:38,GET /recours 200 14220 - 4.148 ms

2021-07-05 16:30:38,GET /main.js 404 146 - 6.040 ms

2021-07-05 16:30:59,GET /recours 200 14260 - 5.500 ms

2021-07-05 16:30:59,GET /main.js 404 146 - 2.110 ms

2021-07-05 16:31:20,GET /recours 200 14288 - 13.993 ms

2021-07-05 16:31:20,GET /main.js 404 146 - 2.137 ms

2021-07-05 16:31:50,GET /recours 200 14267 - 6.323 ms

2021-07-05 16:31:50,GET /main.js 404 146 - 2.651 ms

2021-07-05 16:32:03,GET /recours 200 14237 - 12.485 ms

2021-07-05 16:32:03,GET /main.js 404 146 - 2.248 ms

2021-07-05 16:33:00,GET /recours 200 14289 - 13.856 ms

2021-07-05 16:33:00,GET /main.js 404 146 - 2.627 ms

2021-07-05 16:33:40,GET /recours 200 14233 - 12.508 ms

2021-07-05 16:33:40,GET /main.js 404 146 - 2.416 ms

2021-07-05 16:35:05,GET /recours 200 14297 - 4.410 ms

2021-07-05 16:35:06,GET /main.js 404 146 - 2.612 ms

2021-07-05 16:35:16,GET /recours 200 14267 - 5.374 ms

2021-07-05 16:35:16,GET /main.js 404 146 - 2.404 ms

2021-07-05 16:36:19,GET /recours 200 14320 - 9.669 ms

2021-07-05 16:36:19,GET /main.js 404 146 - 2.186 ms

2021-07-05 16:37:24,GET /recours 200 14296 - 18.302 ms

2021-07-05 16:37:24,GET /main.js 404 146 - 2.690 ms

2021-07-05 16:37:39,GET /recours 200 14238 - 22.321 ms

2021-07-05 16:37:39,GET /main.js 404 146 - 2.417 ms

2021-07-05 16:37:56,GET /recours 200 14364 - 9.969 ms

2021-07-05 16:37:56,GET /main.js 404 146 - 3.727 ms

2021-07-05 16:38:04,GET /recours 304 - - 7.024 ms

2021-07-05 16:38:04,GET /main.js 404 146 - 1.861 ms

2021-07-05 16:38:09,GET /logout? 404 145 - 3.023 ms

2021-07-05 16:38:42,GET /recours 200 14095 - 35.393 ms

2021-07-05 16:38:42,GET /main.js 404 146 - 2.769 ms

2021-07-05 16:39:06,GET /recours 200 14364 - 6.002 ms

2021-07-05 16:39:07,GET /main.js 404 146 - 2.520 ms

2021-07-05 16:40:58,GET /recours 200 14124 - 14.358 ms

2021-07-05 16:40:58,GET /main.js 404 146 - 1.840 ms

2021-07-05 16:42:00,GET /recours 200 14247 - 6.902 ms

2021-07-05 16:42:00,GET /main.js 404 146 - 5.620 ms

2021-07-05 16:42:09,GET /DossierVal 304 - - 22.689 ms

2021-07-05 16:42:09,GET /main.js 404 146 - 2.712 ms

2021-07-05 16:42:57,GET /recours 200 14275 - 27.082 ms

2021-07-05 16:42:57,GET /main.js 404 146 - 1.883 ms

2021-07-05 16:43:20,GET /recours 200 14326 - 34.719 ms

2021-07-05 16:43:20,GET /main.js 404 146 - 2.457 ms

2021-07-05 16:43:51,GET /recours 200 14332 - 9.433 ms

2021-07-05 16:43:51,GET /main.js 404 146 - 2.290 ms

2021-07-05 16:44:11,GET /recours 200 14389 - 13.576 ms

2021-07-05 16:44:11,GET /main.js 404 146 - 2.373 ms

2021-07-05 16:44:31,GET /recours 200 14336 - 6.003 ms

2021-07-05 16:44:32,GET /main.js 404 146 - 2.210 ms

2021-07-05 16:44:46,GET /recours 200 14389 - 6.430 ms

2021-07-05 16:44:46,GET /main.js 404 146 - 2.309 ms

2021-07-05 16:45:11,GET /recours 200 14381 - 4.579 ms

2021-07-05 16:45:11,GET /main.js 404 146 - 1.907 ms

2021-07-05 16:45:26,GET /recours 200 14343 - 13.067 ms

2021-07-05 16:45:26,GET /main.js 404 146 - 2.424 ms

2021-07-05 16:45:44,GET /recours 200 14326 - 18.485 ms

2021-07-05 16:45:44,GET /main.js 404 146 - 2.459 ms

2021-07-05 16:47:25,GET /recours 200 14356 - 7.577 ms

2021-07-05 16:47:25,GET /main.js 404 146 - 1.731 ms

2021-07-05 16:48:10,GET /recours 200 14339 - 9.865 ms

2021-07-05 16:48:10,GET /main.js 404 146 - 2.557 ms

2021-07-05 16:48:34,GET /recours 200 14327 - 8.896 ms

2021-07-05 16:48:34,GET /main.js 404 146 - 2.961 ms

2021-07-05 16:48:51,GET /recours 200 14305 - 15.068 ms

2021-07-05 16:48:51,GET /main.js 404 146 - 2.128 ms

2021-07-05 16:49:16,GET /recours 200 14312 - 8.507 ms

2021-07-05 16:49:16,GET /main.js 404 146 - 1.984 ms

2021-07-05 16:49:59,GET /recours 200 14340 - 4.277 ms

2021-07-05 16:49:59,GET /main.js 404 146 - 2.663 ms

2021-07-05 16:50:47,GET /recours 200 14347 - 12.974 ms

2021-07-05 16:50:47,GET /main.js 404 146 - 2.661 ms

2021-07-05 16:50:59,GET /recours 200 14340 - 9.387 ms

2021-07-05 16:50:59,GET /main.js 404 146 - 2.964 ms

2021-07-05 16:51:34,GET /recours 200 14287 - 5.750 ms

2021-07-05 16:51:34,GET /main.js 404 146 - 5.027 ms

2021-07-05 16:52:17,GET /recours 200 14330 - 11.736 ms

2021-07-05 16:52:17,GET /main.js 404 146 - 2.787 ms

2021-07-05 16:52:38,GET /recours 200 14308 - 14.760 ms

2021-07-05 16:52:38,GET /main.js 404 146 - 2.503 ms

2021-07-05 16:52:45,GET /profil 304 - - 34.005 ms

2021-07-05 16:52:46,GET /css/admin.css 404 152 - 2.678 ms

2021-07-05 16:52:48,GET /DossierNonVal 304 - - 77.211 ms

2021-07-05 16:52:49,GET /main.js 404 146 - 3.024 ms

2021-07-05 16:52:54,GET /recours 200 14308 - 6.482 ms

2021-07-05 16:52:54,GET /main.js 404 146 - 2.641 ms

2021-07-05 16:54:12,GET /recours 200 14330 - 12.034 ms

2021-07-05 16:54:12,GET /main.js 404 146 - 2.647 ms

2021-07-05 16:55:05,GET /recours 200 14322 - 6.567 ms

2021-07-05 16:55:05,GET /main.js 404 146 - 2.353 ms

2021-07-05 16:55:18,GET /recours 200 14324 - 11.319 ms

2021-07-05 16:55:18,GET /main.js 404 146 - 3.055 ms

2021-07-05 16:55:33,GET /recours 200 14304 - 7.135 ms

2021-07-05 16:55:34,GET /main.js 404 146 - 2.150 ms

2021-07-05 16:55:46,GET /recours 200 14308 - 13.721 ms

2021-07-05 16:55:46,GET /main.js 404 146 - 2.736 ms

2021-07-05 16:56:18,GET /recours 200 14307 - 14.088 ms

2021-07-05 16:56:18,GET /main.js 404 146 - 5.122 ms

2021-07-05 16:57:39,GET /recours 200 14272 - 32.447 ms

2021-07-05 16:57:39,GET /main.js 404 146 - 2.987 ms

2021-07-05 16:57:59,GET /recours 200 14275 - 8.676 ms

2021-07-05 16:57:59,GET /main.js 404 146 - 4.040 ms

2021-07-05 16:58:13,GET /recours 200 14307 - 7.085 ms

2021-07-05 16:58:14,GET /main.js 404 146 - 2.680 ms

2021-07-05 16:58:25,GET /recours 200 14323 - 19.986 ms

2021-07-05 16:58:25,GET /main.js 404 146 - 2.464 ms

2021-07-05 17:00:37,GET /recours 200 14316 - 9.053 ms

2021-07-05 17:00:37,GET /main.js 404 146 - 2.704 ms

2021-07-05 17:02:37,GET /recours 200 14340 - 6.091 ms

2021-07-05 17:02:37,GET /main.js 404 146 - 2.234 ms

2021-07-05 17:03:03,GET /recours 200 14361 - 8.695 ms

2021-07-05 17:03:03,GET /main.js 404 146 - 2.382 ms

2021-07-05 17:03:08,GET /profil 304 - - 4.822 ms

2021-07-05 17:03:08,GET /css/admin.css 404 152 - 2.238 ms

2021-07-05 17:03:11,GET /DossierNonVal 304 - - 9.619 ms

2021-07-05 17:03:11,GET /main.js 404 146 - 2.441 ms

2021-07-05 17:03:17,GET /recours 304 - - 16.087 ms

2021-07-05 17:03:17,GET /main.js 404 146 - 2.522 ms

2021-07-05 17:03:32,GET /recours 200 14367 - 6.167 ms

2021-07-05 17:03:32,GET /main.js 404 146 - 2.544 ms

2021-07-05 17:03:49,GET /recours 200 14376 - 8.667 ms

2021-07-05 17:03:49,GET /main.js 404 146 - 3.118 ms

2021-07-05 17:05:59,GET /recours 200 14362 - 7.071 ms

2021-07-05 17:05:59,GET /main.js 404 146 - 4.890 ms

2021-07-05 17:06:41,GET /recours 200 14388 - 6.557 ms

2021-07-05 17:06:42,GET /main.js 404 146 - 2.128 ms

2021-07-05 17:06:49,GET /recours 200 14382 - 9.051 ms

2021-07-05 17:06:49,GET /main.js 404 146 - 2.105 ms

2021-07-05 17:06:49,GET /main.js 404 146 - 4.337 ms

2021-07-05 17:07:19,GET /recours 200 14367 - 4.886 ms

2021-07-05 17:07:19,GET /main.js 404 146 - 2.419 ms

2021-07-05 17:07:19,GET /main.js 404 146 - 2.177 ms

2021-07-05 17:07:41,GET /recours 200 14399 - 14.306 ms

2021-07-05 17:07:41,GET /main.js 404 146 - 2.685 ms

2021-07-05 17:07:41,GET /main.js 404 146 - 3.194 ms

2021-07-05 17:07:57,GET /recours 200 14391 - 9.789 ms

2021-07-05 17:07:57,GET /main.js 404 146 - 2.162 ms

2021-07-05 17:07:57,GET /main.js 404 146 - 2.777 ms

2021-07-05 17:15:09,GET /recours 302 64 - 78.776 ms

2021-07-05 17:15:09,GET /connecter 200 6458 - 88.959 ms

2021-07-05 17:15:18,POST /connecter - - - - ms

2021-07-05 17:15:18,POST /connecter 302 58 - 199.761 ms

2021-07-05 17:15:18,GET /profil 304 - - 64.182 ms

2021-07-05 17:15:19,GET /css/admin.css 404 152 - 7.695 ms

2021-07-05 17:15:24,GET /recours 200 14368 - 10.452 ms

2021-07-05 17:15:24,GET /main.js 404 146 - 7.390 ms

2021-07-05 17:15:27,DELETE /logout?_method=DELETE 302 64 - 5.401 ms

2021-07-05 17:15:27,GET /connecter 200 6458 - 6.312 ms

2021-07-05 17:15:35,POST /connecter 302 58 - 137.244 ms

2021-07-05 17:15:35,GET /profil 304 - - 8.498 ms

2021-07-05 17:15:36,GET /css/admin.css 404 152 - 3.225 ms

2021-07-05 17:15:38,GET /recours 304 - - 9.656 ms

2021-07-05 17:15:38,GET /main.js 404 146 - 2.958 ms

2021-07-05 17:15:41,DELETE /logout?_method=DELETE 302 64 - 3.388 ms

2021-07-05 17:15:42,GET /connecter 200 6458 - 12.183 ms

2021-07-05 17:15:52,POST /connecter 302 58 - 119.782 ms

2021-07-05 17:15:52,GET /profil 304 - - 5.679 ms

2021-07-05 17:15:52,GET /css/admin.css 404 152 - 3.216 ms

2021-07-05 17:15:55,GET /DossierNonVal 302 64 - 3.429 ms

2021-07-05 17:15:55,GET /connecter 200 6458 - 7.387 ms

2021-07-05 17:16:02,POST /connecter 302 58 - 121.880 ms

2021-07-05 17:16:02,GET /profil 304 - - 5.164 ms

2021-07-05 17:16:02,GET /css/admin.css 404 152 - 4.683 ms

2021-07-05 17:16:05,GET /DossierNonVal 200 21471 - 11.695 ms

2021-07-05 17:16:05,GET /main.js 404 146 - 2.979 ms

2021-07-05 17:23:57,GET /DossierNonVal 302 64 - 50.823 ms

2021-07-05 17:23:58,GET /connecter 200 6458 - 301.634 ms

2021-07-05 17:25:04,GET /connecter 304 - - 128.625 ms

2021-07-05 17:25:13,POST /connecter 302 58 - 181.450 ms

2021-07-05 17:25:13,GET /profil 200 7001 - 5.141 ms

2021-07-05 17:25:13,GET /css/admin.css 404 152 - 12.923 ms

2021-07-05 17:25:15,GET /recours 302 64 - 5.722 ms

2021-07-05 17:25:15,GET /connecter 200 6458 - 12.398 ms

2021-07-05 17:25:22,POST /connecter 302 58 - 118.849 ms

2021-07-05 17:25:22,GET /profil 200 7001 - 9.494 ms

2021-07-05 17:25:22,GET /css/admin.css 404 152 - 9.764 ms

2021-07-05 17:25:23,GET /DossierNonVal 200 21471 - 12.686 ms

2021-07-05 17:25:24,GET /main.js 404 146 - 3.221 ms

2021-07-05 17:25:34,GET /css/admin.css 404 152 - 3.993 ms

2021-07-05 17:25:36,GET /recours 200 14368 - 7.126 ms

2021-07-05 17:25:36,GET /main.js 404 146 - 2.103 ms

2021-07-05 17:25:55,GET /DossierNonVal 304 - - 18.660 ms

2021-07-05 17:25:56,GET /main.js 404 146 - 3.615 ms

2021-07-05 17:25:58,GET /DossierVal 304 - - 9.361 ms

2021-07-05 17:25:58,GET /main.js 404 146 - 2.609 ms

2021-07-05 17:25:59,GET /main.js 404 146 - 2.418 ms

2021-07-05 17:26:07,GET /recours 200 14368 - 8.481 ms

2021-07-05 17:26:07,GET /main.js 404 146 - 3.039 ms

2021-07-05 17:26:09,GET /DossierNonVal 304 - - 10.384 ms

2021-07-05 17:26:10,GET /main.js 404 146 - 4.244 ms

2021-07-05 17:26:10,GET /main.js 404 146 - 3.878 ms

2021-07-05 17:26:11,GET /DossierVal 304 - - 11.934 ms

2021-07-05 17:26:11,GET /main.js 404 146 - 3.662 ms

2021-07-05 17:26:11,GET /main.js 404 146 - 3.580 ms

2021-07-05 17:26:30,GET /recours 304 - - 4.444 ms

2021-07-05 17:26:30,GET /main.js 404 146 - 3.293 ms

2021-07-05 17:26:35,GET /DossierVal 304 - - 11.744 ms

2021-07-05 17:26:35,GET /main.js 404 146 - 3.893 ms

2021-07-05 17:28:12,GET /DossierVal 200 18315 - 9.488 ms

2021-07-05 17:28:12,GET /main.js 404 146 - 2.563 ms

2021-07-05 17:28:34,GET /DossierVal 200 18314 - 8.104 ms

2021-07-05 17:28:34,GET /main.js 404 146 - 4.526 ms

2021-07-05 17:28:54,GET /DossierVal 304 - - 11.087 ms

2021-07-05 17:28:54,GET /main.js 404 146 - 2.851 ms

2021-07-05 17:29:03,GET /recours 304 - - 6.414 ms

2021-07-05 17:29:03,GET /main.js 404 146 - 1.773 ms

2021-07-05 17:29:07,GET /DossierNonVal 304 - - 6.891 ms

2021-07-05 17:29:07,GET /main.js 404 146 - 2.515 ms

2021-07-05 17:29:07,GET /main.js 404 146 - 4.390 ms

2021-07-05 17:29:14,POST /validerDossiers 200 16066 - 47.268 ms

2021-07-05 17:29:14,GET /main.js 404 146 - 3.086 ms

2021-07-05 17:29:55,GET /DossierNonVal 200 21470 - 9.680 ms

2021-07-05 17:29:55,GET /main.js 404 146 - 2.933 ms

2021-07-05 17:30:46,GET /DossierNonVal 200 21872 - 8.399 ms

2021-07-05 17:30:46,GET /main.js 404 146 - 4.200 ms

2021-07-05 17:31:23,GET /DossierNonVal 200 21888 - 8.598 ms

2021-07-05 17:31:23,GET /main.js 404 146 - 2.437 ms

2021-07-05 17:31:25,GET /DossierNonVal 304 - - 7.801 ms

2021-07-05 17:31:25,GET /main.js 404 146 - 2.670 ms

2021-07-05 17:31:25,GET /main.js 404 146 - 2.843 ms

2021-07-05 17:31:34,GET /DossierNonVal 200 21896 - 9.775 ms

2021-07-05 17:31:34,GET /main.js 404 146 - 3.442 ms

2021-07-05 17:31:34,GET /main.js 404 146 - 2.388 ms

2021-07-05 17:31:42,GET /DossierNonVal 200 21902 - 11.477 ms

2021-07-05 17:31:43,GET /main.js 404 146 - 3.561 ms

2021-07-05 17:31:43,GET /main.js 404 146 - 1.869 ms

2021-07-05 17:34:15,GET /DossierNonVal 200 21901 - 10.154 ms

2021-07-05 17:34:16,GET /main.js 404 146 - 2.528 ms

2021-07-05 17:34:16,GET /main.js 404 146 - 2.532 ms

2021-07-05 17:34:33,GET /DossierNonVal 200 21901 - 10.418 ms

2021-07-05 17:34:33,GET /main.js 404 146 - 2.525 ms

2021-07-05 17:34:33,GET /main.js 404 146 - 1.253 ms

2021-07-05 17:34:51,GET /DossierNonVal 200 21899 - 14.006 ms

2021-07-05 17:34:51,GET /main.js 404 146 - 2.979 ms

2021-07-05 17:34:51,GET /main.js 404 146 - 1.782 ms

2021-07-05 17:35:11,GET /DossierNonVal 200 21898 - 14.472 ms

2021-07-05 17:35:11,GET /main.js 404 146 - 4.236 ms

2021-07-05 17:35:12,GET /main.js 404 146 - 2.109 ms

2021-07-05 17:35:38,GET /DossierNonVal 200 21908 - 8.867 ms

2021-07-05 17:35:38,GET /main.js 404 146 - 2.293 ms

2021-07-05 17:35:38,GET /main.js 404 146 - 2.512 ms

2021-07-05 17:35:53,GET /DossierNonVal 200 21890 - 11.452 ms

2021-07-05 17:35:53,GET /main.js 404 146 - 2.033 ms

2021-07-05 17:35:53,GET /main.js 404 146 - 2.089 ms

2021-07-05 17:36:07,GET /DossierNonVal 200 21891 - 35.239 ms

2021-07-05 17:36:07,GET /main.js 404 146 - 2.465 ms

2021-07-05 17:36:07,GET /main.js 404 146 - 2.329 ms

2021-07-05 17:36:17,GET /DossierNonVal 200 21894 - 12.079 ms

2021-07-05 17:36:18,GET /main.js 404 146 - 2.405 ms

2021-07-05 17:36:18,GET /main.js 404 146 - 2.252 ms

2021-07-05 17:36:23,GET /recours 304 - - 7.844 ms

2021-07-05 17:36:23,GET /main.js 404 146 - 2.295 ms

2021-07-05 17:36:25,GET /DossierVal 304 - - 8.056 ms

2021-07-05 17:36:26,GET /main.js 404 146 - 2.470 ms

2021-07-05 17:36:28,GET /recours 304 - - 7.922 ms

2021-07-05 17:36:28,GET /main.js 404 146 - 2.325 ms

2021-07-05 17:36:54,GET /recours 304 - - 3.458 ms

2021-07-05 17:36:54,GET /main.js 404 146 - 3.901 ms

2021-07-05 17:36:56,GET /DossierNonVal 200 21903 - 6.347 ms

2021-07-05 17:36:56,GET /main.js 404 146 - 2.310 ms

2021-07-05 17:36:56,GET /main.js 404 146 - 2.233 ms

2021-07-05 17:37:08,GET /DossierNonVal 200 21900 - 25.435 ms

2021-07-05 17:37:09,GET /main.js 404 146 - 2.059 ms

2021-07-05 17:37:33,GET /DossierNonVal 200 21917 - 10.414 ms

2021-07-05 17:37:33,GET /main.js 404 146 - 2.346 ms

2021-07-05 17:37:44,GET /DossierNonVal 200 21891 - 23.634 ms

2021-07-05 17:37:44,GET /main.js 404 146 - 2.335 ms

2021-07-05 17:38:08,GET /DossierNonVal 200 21899 - 12.386 ms

2021-07-05 17:38:08,GET /main.js 404 146 - 2.623 ms

2021-07-05 17:38:17,GET /DossierNonVal 200 21902 - 8.932 ms

2021-07-05 17:38:17,GET /main.js 404 146 - 2.435 ms

2021-07-05 17:38:26,GET /DossierNonVal 200 21873 - 13.425 ms

2021-07-05 17:38:26,GET /main.js 404 146 - 2.407 ms

2021-07-05 17:38:32,GET /DossierNonVal 200 21902 - 54.386 ms

2021-07-05 17:38:33,GET /main.js 404 146 - 3.550 ms

2021-07-05 17:39:02,GET /DossierNonVal 200 21873 - 16.323 ms

2021-07-05 17:39:02,GET /main.js 404 146 - 2.858 ms

2021-07-05 17:39:02,GET /main.js 404 146 - 1.706 ms

2021-07-05 17:39:07,GET /recours 304 - - 7.942 ms

2021-07-05 17:39:07,GET /main.js 404 146 - 2.227 ms

2021-07-05 17:39:13,GET /DossierNonVal 304 - - 7.400 ms

2021-07-05 17:39:13,GET /main.js 404 146 - 2.362 ms

2021-07-05 17:39:21,GET /DossierVal 304 - - 7.172 ms

2021-07-05 17:39:22,GET /main.js 404 146 - 2.410 ms

2021-07-05 17:39:25,GET /recours 304 - - 7.316 ms

2021-07-05 17:39:25,GET /main.js 404 146 - 3.979 ms

2021-07-05 17:39:27,DELETE /logout?_method=DELETE 302 64 - 5.785 ms

2021-07-05 17:39:27,GET /connecter 200 6458 - 3.163 ms

2021-07-05 17:39:34,POST /connecter 302 58 - 89.857 ms

2021-07-05 17:39:34,GET /profil 304 - - 3.566 ms

2021-07-05 17:39:34,GET /css/admin.css 404 152 - 10.325 ms

2021-07-05 17:39:39,GET /DossierVal 304 - - 7.518 ms

2021-07-05 17:39:39,GET /main.js 404 146 - 2.127 ms

2021-07-05 17:39:44,GET /recours 304 - - 7.514 ms

2021-07-05 17:39:44,GET /main.js 404 146 - 2.108 ms

2021-07-05 17:39:48,GET /DossierNonVal 304 - - 7.122 ms

2021-07-05 17:39:48,GET /main.js 404 146 - 2.103 ms

2021-07-05 17:40:14,GET /DossierNonVal 304 - - 7.945 ms

2021-07-05 17:40:15,GET /main.js 404 146 - 2.327 ms

2021-07-05 17:40:20,GET /DossierVal 200 18330 - 12.299 ms

2021-07-05 17:40:21,GET /main.js 404 146 - 2.257 ms

2021-07-05 17:40:28,GET /DossierVal 200 18334 - 6.816 ms

2021-07-05 17:40:28,GET /main.js 404 146 - 2.114 ms

2021-07-05 17:40:29,GET /main.js 404 146 - 3.240 ms

2021-07-05 17:40:30,GET /DossierVal 304 - - 8.801 ms

2021-07-05 17:40:30,GET /main.js 404 146 - 2.119 ms

2021-07-05 17:40:55,GET /DossierVal 200 18314 - 10.239 ms

2021-07-05 17:40:55,GET /main.js 404 146 - 1.912 ms

2021-07-05 17:40:55,GET /main.js 404 146 - 2.263 ms

2021-07-05 17:41:06,GET /DossierVal 304 - - 24.783 ms

2021-07-05 17:41:06,GET /main.js 404 146 - 2.089 ms

2021-07-05 17:41:06,GET /main.js 404 146 - 2.149 ms

2021-07-05 17:41:21,GET /DossierVal 304 - - 46.175 ms

2021-07-05 17:41:21,GET /main.js 404 146 - 4.900 ms

2021-07-05 17:41:21,GET /main.js 404 146 - 2.062 ms

2021-07-05 17:41:28,GET /DossierVal 304 - - 11.362 ms

2021-07-05 17:41:28,GET /main.js 404 146 - 2.167 ms

2021-07-05 17:41:32,GET /DossierVal 304 - - 11.810 ms

2021-07-05 17:41:32,GET /main.js 404 146 - 1.987 ms

2021-07-05 17:41:34,GET /recours 304 - - 5.878 ms

2021-07-05 17:41:34,GET /main.js 404 146 - 1.996 ms

2021-07-05 17:41:37,GET /DossierNonVal 200 21905 - 9.351 ms

2021-07-05 17:41:37,GET /main.js 404 146 - 2.943 ms

2021-07-05 17:41:37,GET /main.js 404 146 - 2.150 ms

2021-07-05 17:41:50,GET /DossierVal 304 - - 10.702 ms

2021-07-05 17:41:50,GET /main.js 404 146 - 2.274 ms

2021-07-05 17:43:02,GET /recours 304 - - 3.929 ms

2021-07-05 17:43:03,GET /main.js 404 146 - 1.867 ms

2021-07-05 17:43:13,GET /DossierNonVal 304 - - 12.047 ms

2021-07-05 17:43:13,GET /main.js 404 146 - 2.382 ms

2021-07-05 17:44:22,GET /recours 304 - - 6.168 ms

2021-07-05 17:44:22,GET /main.js 404 146 - 1.973 ms

2021-07-05 17:44:37,GET /DossierNonVal 200 21939 - 8.921 ms

2021-07-05 17:44:38,GET /main.js 404 146 - 2.470 ms

2021-07-05 17:44:40,GET /DossierVal 200 18376 - 8.371 ms

2021-07-05 17:44:40,GET /main.js 404 146 - 2.173 ms

2021-07-05 17:44:40,GET /main.js 404 146 - 2.350 ms

2021-07-05 17:44:45,GET /recours 200 14367 - 6.214 ms

2021-07-05 17:44:45,GET /main.js 404 146 - 2.361 ms

2021-07-05 17:44:45,GET /main.js 404 146 - 2.112 ms

2021-07-05 17:44:47,GET /DossierVal 304 - - 17.872 ms

2021-07-05 17:44:47,GET /main.js 404 146 - 2.433 ms

2021-07-05 17:44:52,GET /menuValideur 404 151 - 2.837 ms

2021-07-05 17:45:16,GET /recours 304 - - 11.107 ms

2021-07-05 17:45:16,GET /main.js 404 146 - 2.189 ms

2021-07-05 17:45:18,GET /profil 304 - - 4.076 ms

2021-07-05 17:45:18,GET /css/admin.css 404 152 - 2.297 ms

2021-07-05 17:45:21,GET /DossierNonVal 304 - - 81.863 ms

2021-07-05 17:45:22,GET /main.js 404 146 - 2.390 ms

2021-07-05 17:45:24,GET /profil 304 - - 4.987 ms

2021-07-05 17:45:24,GET /css/admin.css 404 152 - 2.221 ms

2021-07-05 17:45:30,GET /DossierVal 304 - - 8.443 ms

2021-07-05 17:45:30,GET /main.js 404 146 - 2.997 ms

2021-07-05 17:45:33,GET /menuValideur 404 151 - 2.406 ms

2021-07-05 17:45:33,GET /menuValideur 404 151 - 3.993 ms

2021-07-05 17:45:53,GET /recours 304 - - 5.908 ms

2021-07-05 17:45:54,GET /main.js 404 146 - 2.384 ms

2021-07-05 17:45:56,GET /DossierVal 200 18370 - 17.784 ms

2021-07-05 17:45:56,GET /main.js 404 146 - 2.357 ms

2021-07-05 17:45:56,GET /main.js 404 146 - 2.449 ms

2021-07-05 17:45:58,DELETE /logout?_method=DELETE 302 64 - 3.380 ms

2021-07-05 17:45:58,GET /connecter 200 6458 - 3.487 ms

2021-07-05 17:46:03,POST /connecter 302 58 - 91.340 ms

2021-07-05 17:46:03,GET /profil 200 7264 - 30.139 ms

2021-07-05 17:46:04,GET /css/admin.css 404 152 - 2.940 ms

2021-07-05 17:46:07,GET /verifier 302 58 - 3.311 ms

2021-07-05 17:46:07,GET /profil 304 - - 32.155 ms

2021-07-05 17:46:07,GET /css/admin.css 404 152 - 4.253 ms

2021-07-05 17:46:23,GET /verifier 302 58 - 3.589 ms

2021-07-05 17:46:23,GET /profil 304 - - 3.801 ms

2021-07-05 17:46:24,GET /css/admin.css 404 152 - 2.919 ms

2021-07-05 17:46:32,GET /verifier 302 58 - 2.252 ms

2021-07-05 17:46:32,GET /profil 304 - - 3.854 ms

2021-07-05 17:46:32,GET /css/admin.css 404 152 - 2.155 ms

2021-07-05 17:46:34,DELETE /logout?_method=DELETE 302 64 - 2.666 ms

2021-07-05 17:46:34,GET /connecter 200 6458 - 9.003 ms

2021-07-05 17:46:47,POST /connecter 302 58 - 92.524 ms

2021-07-05 17:46:48,GET /profil 200 7264 - 3.727 ms

2021-07-05 17:46:48,GET /css/admin.css 404 152 - 2.231 ms

2021-07-05 17:46:49,GET /verifier 200 10563 - 55.618 ms

2021-07-05 17:46:50,GET /css/verification.css 404 159 - 2.272 ms

2021-07-05 17:55:08,GET /profil 302 64 - 24.638 ms

2021-07-05 17:55:08,GET /connecter 200 6458 - 47.721 ms

2021-07-05 17:55:14,POST /connecter 302 58 - 159.022 ms

2021-07-05 17:55:15,GET /profil 200 7264 - 6.356 ms

2021-07-05 17:55:15,GET /css/admin.css 404 152 - 9.618 ms

2021-07-05 17:55:17,GET /verifier 304 - - 7.708 ms

2021-07-05 17:55:17,GET /css/verification.css 404 159 - 7.339 ms

2021-07-05 17:55:20,GET /saisie 304 - - 23.942 ms

2021-07-05 17:55:20,GET /css/PageSaisie.css 404 157 - 2.832 ms

2021-07-05 17:55:26,GET /verifier 304 - - 6.439 ms

2021-07-05 17:55:26,GET /css/verification.css 404 159 - 3.655 ms

2021-07-05 17:55:33,GET /profil 304 - - 6.996 ms

2021-07-05 17:55:33,GET /css/admin.css 404 152 - 2.864 ms

2021-07-05 17:55:37,GET /saisie 304 - - 15.549 ms

2021-07-05 17:55:37,GET /css/PageSaisie.css 404 157 - 3.818 ms

2021-07-05 17:55:39,DELETE /logout?_method=DELETE 302 64 - 5.567 ms

2021-07-05 17:55:39,GET /connecter 200 6458 - 10.105 ms

2021-07-05 17:55:48,POST /connecter 302 58 - 103.537 ms

2021-07-05 17:55:48,GET /profil 200 7001 - 7.087 ms

2021-07-05 17:55:48,GET /css/admin.css 404 152 - 2.661 ms

2021-07-05 17:55:50,GET /DossierNonVal 302 64 - 2.162 ms

2021-07-05 17:55:50,GET /connecter 200 6458 - 174.262 ms

2021-07-05 17:56:07,POST /connecter 302 58 - 90.496 ms

2021-07-05 17:56:07,GET /profil 200 7001 - 4.675 ms

2021-07-05 17:56:07,GET /css/admin.css 404 152 - 2.890 ms

2021-07-05 17:56:08,GET /DossierNonVal 200 21939 - 8.387 ms

2021-07-05 17:56:08,GET /main.js 404 146 - 2.306 ms

2021-07-05 17:56:11,GET /css/admin.css 404 152 - 2.087 ms

2021-07-05 17:56:12,GET /recours 200 14367 - 7.552 ms

2021-07-05 17:56:13,GET /main.js 404 146 - 2.462 ms

2021-07-05 17:56:16,GET /css/admin.css 404 152 - 2.989 ms

2021-07-05 17:56:20,GET /DossierVal 304 - - 11.050 ms

2021-07-05 17:56:20,GET /main.js 404 146 - 2.652 ms

2021-07-05 17:56:26,GET /recours 304 - - 4.387 ms

2021-07-05 17:56:26,GET /main.js 404 146 - 2.915 ms

2021-07-05 17:56:31,GET /DossierVal 304 - - 11.397 ms

2021-07-05 17:56:31,GET /main.js 404 146 - 2.459 ms

2021-07-05 17:56:31,GET /main.js 404 146 - 2.486 ms

2021-07-05 17:56:34,DELETE /logout?_method=DELETE 302 64 - 4.353 ms

2021-07-05 17:56:34,GET /connecter 200 6458 - 8.380 ms

2021-07-05 17:56:41,POST /connecter 302 58 - 95.445 ms

2021-07-05 17:56:41,GET /profil 200 7264 - 12.083 ms

2021-07-05 17:56:41,GET /css/admin.css 404 152 - 2.098 ms

2021-07-05 17:56:43,GET /verifier 302 58 - 2.305 ms

2021-07-05 17:56:43,GET /profil 304 - - 6.920 ms

2021-07-05 17:56:43,GET /verifier 302 58 - 2.185 ms

2021-07-05 17:56:43,GET /profil 304 - - 4.425 ms

2021-07-05 17:56:44,GET /css/admin.css 404 152 - 2.329 ms

2021-07-05 18:03:25,GET /profil 302 64 - 28.942 ms

2021-07-05 18:03:25,GET /connecter 200 6458 - 62.276 ms

2021-07-05 18:03:32,POST /connecter 302 58 - 218.696 ms

2021-07-05 18:03:32,GET /profil 200 7264 - 10.194 ms

2021-07-05 18:03:32,GET /css/admin.css 404 152 - 8.601 ms

2021-07-05 18:03:35,GET /verifier 200 10563 - 9.878 ms

2021-07-05 18:03:35,GET /css/verification.css 404 159 - 7.766 ms

2021-07-05 18:03:37,GET /css/admin.css 404 152 - 2.339 ms

2021-07-05 18:03:39,DELETE /logout?_method=DELETE 302 64 - 3.470 ms

2021-07-05 18:03:39,GET /connecter 200 6458 - 6.335 ms

2021-07-05 18:03:49,POST /connecter 302 58 - 100.909 ms

2021-07-05 18:03:49,GET /profil 302 58 - 2.094 ms

2021-07-05 18:03:49,GET /profil 302 58 - 1.685 ms

2021-07-05 18:03:49,GET /profil 302 58 - 1.952 ms

2021-07-05 18:03:49,GET /profil 302 58 - 2.029 ms

2021-07-05 18:03:49,GET /profil 302 58 - 1.963 ms

2021-07-05 18:03:49,GET /profil 302 58 - 1.932 ms

2021-07-05 18:03:49,GET /profil 302 58 - 1.521 ms

2021-07-05 18:03:49,GET /profil 302 58 - 2.124 ms

2021-07-05 18:03:49,GET /profil 302 58 - 1.626 ms

2021-07-05 18:03:49,GET /profil 302 58 - 1.708 ms

2021-07-05 18:03:49,GET /profil 302 58 - 1.902 ms

2021-07-05 18:03:49,GET /profil 302 58 - 1.534 ms

2021-07-05 18:03:49,GET /profil 302 58 - 2.014 ms

2021-07-05 18:03:49,GET /profil 302 58 - 1.956 ms

2021-07-05 18:03:49,GET /profil 302 58 - 2.049 ms

2021-07-05 18:03:49,GET /profil 302 58 - 1.900 ms

2021-07-05 18:03:49,GET /profil 302 58 - 1.426 ms

2021-07-05 18:03:49,GET /profil 302 58 - 2.005 ms

2021-07-05 18:03:49,GET /profil 302 58 - 1.547 ms

2021-07-05 18:03:51,GET /profil 302 58 - 3.839 ms

2021-07-05 18:03:51,GET /profil 302 58 - 2.179 ms

2021-07-05 18:03:51,GET /profil 302 58 - 2.123 ms

2021-07-05 18:03:51,GET /profil 302 58 - 2.035 ms

2021-07-05 18:03:51,GET /profil 302 58 - 2.019 ms

2021-07-05 18:03:51,GET /profil 302 58 - 2.029 ms

2021-07-05 18:03:51,GET /profil 302 58 - 1.816 ms

2021-07-05 18:03:51,GET /profil 302 58 - 2.071 ms

2021-07-05 18:03:51,GET /profil 302 58 - 3.702 ms

2021-07-05 18:03:51,GET /profil 302 58 - 2.368 ms

2021-07-05 18:03:51,GET /profil 302 58 - 1.987 ms

2021-07-05 18:03:51,GET /profil 302 58 - 2.144 ms

2021-07-05 18:03:51,GET /profil 302 58 - 2.023 ms

2021-07-05 18:03:51,GET /profil 302 58 - 1.914 ms

2021-07-05 18:03:51,GET /profil 302 58 - 1.810 ms

2021-07-05 18:03:51,GET /profil 302 58 - 2.093 ms

2021-07-05 18:03:51,GET /profil 302 58 - 1.621 ms

2021-07-05 18:03:51,GET /profil 302 58 - 1.987 ms

2021-07-05 18:03:51,GET /profil 302 58 - 2.761 ms

2021-07-05 18:03:51,GET /profil 302 58 - 1.428 ms

2021-07-05 18:03:56,GET /profil 302 58 - 2.193 ms

2021-07-05 18:03:56,GET /profil 302 58 - 2.409 ms

2021-07-05 18:03:56,GET /profil 302 58 - 1.761 ms

2021-07-05 18:03:56,GET /profil 302 58 - 2.120 ms

2021-07-05 18:03:56,GET /profil 302 58 - 1.945 ms

2021-07-05 18:03:56,GET /profil 302 58 - 1.964 ms

2021-07-05 18:03:56,GET /profil 302 58 - 1.947 ms

2021-07-05 18:03:56,GET /profil 302 58 - 2.104 ms

2021-07-05 18:03:56,GET /profil 302 58 - 2.091 ms

2021-07-05 18:03:56,GET /profil 302 58 - 1.991 ms

2021-07-05 18:03:56,GET /profil 302 58 - 2.065 ms

2021-07-05 18:03:56,GET /profil 302 58 - 4.156 ms

2021-07-05 18:03:56,GET /profil 302 58 - 2.047 ms

2021-07-05 18:03:56,GET /profil 302 58 - 2.233 ms

2021-07-05 18:03:56,GET /profil 302 58 - 1.824 ms

2021-07-05 18:03:56,GET /profil 302 58 - 2.051 ms

2021-07-05 18:03:56,GET /profil 302 58 - 1.991 ms

2021-07-05 18:03:56,GET /profil 302 58 - 2.060 ms

2021-07-05 18:03:56,GET /profil 302 58 - 1.506 ms

2021-07-05 18:03:56,GET /profil 302 58 - 4.037 ms

2021-07-05 18:04:26,GET /profil 302 58 - 2.091 ms

2021-07-05 18:04:26,GET /profil 302 58 - 1.832 ms

2021-07-05 18:04:26,GET /profil 302 58 - 1.870 ms

2021-07-05 18:04:26,GET /profil 302 58 - 1.897 ms

2021-07-05 18:04:26,GET /profil 302 58 - 2.139 ms

2021-07-05 18:04:26,GET /profil 302 58 - 1.723 ms

2021-07-05 18:04:26,GET /profil 302 58 - 2.093 ms

2021-07-05 18:04:27,GET /profil 302 58 - 4.868 ms

2021-07-05 18:04:27,GET /profil 302 58 - 1.864 ms

2021-07-05 18:04:27,GET /profil 302 58 - 2.231 ms

2021-07-05 18:04:27,GET /profil 302 58 - 2.031 ms

2021-07-05 18:04:27,GET /profil 302 58 - 2.170 ms

2021-07-05 18:04:27,GET /profil 302 58 - 2.021 ms

2021-07-05 18:04:27,GET /profil 302 58 - 2.085 ms

2021-07-05 18:04:27,GET /profil 302 58 - 2.133 ms

2021-07-05 18:04:27,GET /profil 302 58 - 1.974 ms

2021-07-05 18:04:27,GET /profil 302 58 - 1.879 ms

2021-07-05 18:04:27,GET /profil 302 58 - 2.029 ms

2021-07-05 18:04:27,GET /profil 302 58 - 1.479 ms

2021-07-05 18:04:27,GET /profil 302 58 - 2.137 ms

2021-07-05 18:05:27,GET /profil 302 58 - 1.526 ms

2021-07-05 18:05:27,GET /profil 302 58 - 1.618 ms

2021-07-05 18:05:27,GET /profil 302 58 - 1.513 ms

2021-07-05 18:05:27,GET /profil 302 58 - 2.866 ms

2021-07-05 18:05:27,GET /profil 302 58 - 1.970 ms

2021-07-05 18:05:27,GET /profil 302 58 - 1.965 ms

2021-07-05 18:05:27,GET /profil 302 58 - 1.880 ms

2021-07-05 18:05:27,GET /profil 302 58 - 1.640 ms

2021-07-05 18:05:27,GET /profil 302 58 - 2.159 ms

2021-07-05 18:05:28,GET /profil 302 58 - 3.799 ms

2021-07-05 18:05:28,GET /profil 302 58 - 1.907 ms

2021-07-05 18:05:28,GET /profil 302 58 - 2.007 ms

2021-07-05 18:05:28,GET /profil 302 58 - 2.290 ms

2021-07-05 18:05:28,GET /profil 302 58 - 7.333 ms

2021-07-05 18:05:28,GET /profil 302 58 - 1.913 ms

2021-07-05 18:05:28,GET /profil 302 58 - 1.970 ms

2021-07-05 18:05:28,GET /profil 302 58 - 1.604 ms

2021-07-05 18:05:28,GET /profil 302 58 - 1.818 ms

2021-07-05 18:05:28,GET /profil 302 58 - 1.367 ms

2021-07-05 18:05:28,GET /profil 302 58 - 1.860 ms

2021-07-05 18:06:11,GET /profil 302 64 - 24.265 ms

2021-07-05 18:06:11,GET /connecter 200 6458 - 43.125 ms

2021-07-05 18:06:17,POST /connecter 500 2108 - 532.576 ms

2021-07-05 18:06:44,GET /connecter 304 - - 37.296 ms

2021-07-05 18:06:48,POST /connecter 500 2108 - 129.151 ms

2021-07-05 18:08:04,GET /connecter 304 - - 53.567 ms

2021-07-05 18:08:09,POST /connecter 500 2108 - 151.739 ms

2021-07-05 18:08:45,GET /connecter 304 - - 52.596 ms

2021-07-05 18:08:50,POST /connecter 302 60 - 235.394 ms

2021-07-05 18:08:50,GET /profil1 200 7264 - 46.646 ms

2021-07-05 18:08:51,GET /css/admin.css 404 152 - 11.581 ms

2021-07-05 18:08:55,DELETE /logout?_method=DELETE 302 64 - 8.859 ms

2021-07-05 18:08:55,GET /connecter 200 6458 - 6.591 ms

2021-07-05 18:09:03,POST /connecter 302 60 - 103.306 ms

2021-07-05 18:09:03,GET /profil1 302 58 - 2.973 ms

2021-07-05 18:09:03,GET /profil 404 145 - 3.061 ms

2021-07-05 18:09:07,GET /connecter 302 58 - 1.689 ms

2021-07-05 18:09:10,GET /profil 404 145 - 2.434 ms

2021-07-05 18:11:18,GET /profil 404 145 - 19.065 ms

2021-07-05 18:11:19,GET /profil 404 145 - 8.186 ms

2021-07-05 18:11:23,GET /profil 404 145 - 3.382 ms

2021-07-05 18:11:25,GET /profil 404 145 - 2.741 ms

2021-07-05 18:11:28,GET /profil 404 145 - 1.917 ms

2021-07-05 18:11:46,GET /connecter 200 6458 - 33.760 ms

2021-07-05 18:11:52,POST /connecter 302 60 - 183.282 ms

2021-07-05 18:11:52,GET /profil1 302 60 - 3.347 ms

2021-07-05 18:11:52,GET /profil1 302 60 - 2.331 ms

2021-07-05 18:11:52,GET /profil1 302 60 - 2.292 ms

2021-07-05 18:11:52,GET /profil1 302 60 - 1.857 ms

2021-07-05 18:11:52,GET /profil1 302 60 - 1.655 ms

2021-07-05 18:11:52,GET /profil1 302 60 - 2.400 ms

2021-07-05 18:11:52,GET /profil1 302 60 - 1.470 ms

2021-07-05 18:11:52,GET /profil1 302 60 - 1.947 ms

2021-07-05 18:11:52,GET /profil1 302 60 - 2.281 ms

2021-07-05 18:11:52,GET /profil1 302 60 - 1.986 ms

2021-07-05 18:11:52,GET /profil1 302 60 - 1.889 ms

2021-07-05 18:11:52,GET /profil1 302 60 - 2.096 ms

2021-07-05 18:11:52,GET /profil1 302 60 - 2.132 ms

2021-07-05 18:11:52,GET /profil1 302 60 - 3.747 ms

2021-07-05 18:11:52,GET /profil1 302 60 - 2.690 ms

2021-07-05 18:11:52,GET /profil1 302 60 - 1.801 ms

2021-07-05 18:11:52,GET /profil1 302 60 - 2.079 ms

2021-07-05 18:11:52,GET /profil1 302 60 - 1.542 ms

2021-07-05 18:11:52,GET /profil1 302 60 - 2.160 ms

2021-07-05 18:11:54,GET /profil1 302 60 - 1.531 ms

2021-07-05 18:11:54,GET /profil1 302 60 - 3.499 ms

2021-07-05 18:11:54,GET /profil1 302 60 - 1.880 ms

2021-07-05 18:11:54,GET /profil1 302 60 - 2.248 ms

2021-07-05 18:11:54,GET /profil1 302 60 - 2.387 ms

2021-07-05 18:11:54,GET /profil1 302 60 - 1.817 ms

2021-07-05 18:11:54,GET /profil1 302 60 - 2.182 ms

2021-07-05 18:11:54,GET /profil1 302 60 - 2.086 ms

2021-07-05 18:11:54,GET /profil1 302 60 - 2.627 ms

2021-07-05 18:11:54,GET /profil1 302 60 - 4.278 ms

2021-07-05 18:11:54,GET /profil1 302 60 - 2.075 ms

2021-07-05 18:11:54,GET /profil1 302 60 - 1.922 ms

2021-07-05 18:11:54,GET /profil1 302 60 - 2.068 ms

2021-07-05 18:11:54,GET /profil1 302 60 - 1.994 ms

2021-07-05 18:11:54,GET /profil1 302 60 - 1.975 ms

2021-07-05 18:11:54,GET /profil1 302 60 - 1.454 ms

2021-07-05 18:11:54,GET /profil1 302 60 - 2.313 ms

2021-07-05 18:11:54,GET /profil1 302 60 - 3.708 ms

2021-07-05 18:11:54,GET /profil1 302 60 - 1.835 ms

2021-07-05 18:11:54,GET /profil1 302 60 - 1.740 ms

2021-07-05 18:12:00,GET /profil1 302 60 - 2.026 ms

2021-07-05 18:12:00,GET /profil1 302 60 - 2.032 ms

2021-07-05 18:12:00,GET /profil1 302 60 - 2.030 ms

2021-07-05 18:12:00,GET /profil1 302 60 - 1.964 ms

2021-07-05 18:12:00,GET /profil1 302 60 - 1.739 ms

2021-07-05 18:12:00,GET /profil1 302 60 - 1.527 ms

2021-07-05 18:12:00,GET /profil1 302 60 - 1.810 ms

2021-07-05 18:12:00,GET /profil1 302 60 - 1.991 ms

2021-07-05 18:12:00,GET /profil1 302 60 - 1.956 ms

2021-07-05 18:12:00,GET /profil1 302 60 - 2.455 ms

2021-07-05 18:12:00,GET /profil1 302 60 - 2.545 ms

2021-07-05 18:12:00,GET /profil1 302 60 - 2.035 ms

2021-07-05 18:12:00,GET /profil1 302 60 - 2.072 ms

2021-07-05 18:12:00,GET /profil1 302 60 - 2.035 ms

2021-07-05 18:12:00,GET /profil1 302 60 - 1.766 ms

2021-07-05 18:12:00,GET /profil1 302 60 - 2.151 ms

2021-07-05 18:12:00,GET /profil1 302 60 - 2.034 ms

2021-07-05 18:12:00,GET /profil1 302 60 - 1.738 ms

2021-07-05 18:12:00,GET /profil1 302 60 - 2.300 ms

2021-07-05 18:12:00,GET /profil1 302 60 - 3.501 ms

2021-07-05 18:12:30,GET /profil1 302 60 - 1.825 ms

2021-07-05 18:12:30,GET /profil1 302 60 - 1.882 ms

2021-07-05 18:12:30,GET /profil1 302 60 - 2.099 ms

2021-07-05 18:12:30,GET /profil1 302 60 - 1.861 ms

2021-07-05 18:12:30,GET /profil1 302 60 - 2.187 ms

2021-07-05 18:12:30,GET /profil1 302 60 - 2.003 ms

2021-07-05 18:12:30,GET /profil1 302 60 - 2.035 ms

2021-07-05 18:12:30,GET /profil1 302 60 - 4.619 ms

2021-07-05 18:12:30,GET /profil1 302 60 - 2.013 ms

2021-07-05 18:12:30,GET /profil1 302 60 - 2.365 ms

2021-07-05 18:12:31,GET /profil1 302 60 - 1.775 ms

2021-07-05 18:12:31,GET /profil1 302 60 - 1.936 ms

2021-07-05 18:12:31,GET /profil1 302 60 - 2.024 ms

2021-07-05 18:12:31,GET /profil1 302 60 - 1.986 ms

2021-07-05 18:12:31,GET /profil1 302 60 - 2.188 ms

2021-07-05 18:12:31,GET /profil1 302 60 - 1.853 ms

2021-07-05 18:12:31,GET /profil1 302 60 - 2.066 ms

2021-07-05 18:12:31,GET /profil1 302 60 - 3.044 ms

2021-07-05 18:12:31,GET /profil1 302 60 - 2.087 ms

2021-07-05 18:12:31,GET /profil1 302 60 - 2.101 ms

2021-07-05 18:13:31,GET /profil1 302 60 - 2.236 ms

2021-07-05 18:13:31,GET /profil1 302 60 - 1.957 ms

2021-07-05 18:13:31,GET /profil1 302 60 - 5.506 ms

2021-07-05 18:13:31,GET /profil1 302 60 - 2.075 ms

2021-07-05 18:13:31,GET /profil1 302 60 - 2.220 ms

2021-07-05 18:13:31,GET /profil1 302 60 - 1.868 ms

2021-07-05 18:13:31,GET /profil1 302 60 - 1.914 ms

2021-07-05 18:13:31,GET /profil1 302 60 - 2.691 ms

2021-07-05 18:13:31,GET /profil1 302 60 - 2.013 ms

2021-07-05 18:13:31,GET /profil1 302 60 - 2.052 ms

2021-07-05 18:13:31,GET /profil1 302 60 - 4.189 ms

2021-07-05 18:13:31,GET /profil1 302 60 - 2.029 ms

2021-07-05 18:13:31,GET /profil1 302 60 - 1.827 ms

2021-07-05 18:13:31,GET /profil1 302 60 - 2.164 ms

2021-07-05 18:13:31,GET /profil1 302 60 - 1.398 ms

2021-07-05 18:13:31,GET /profil1 302 60 - 1.692 ms

2021-07-05 18:13:31,GET /profil1 302 60 - 1.720 ms

2021-07-05 18:13:31,GET /profil1 302 60 - 1.570 ms

2021-07-05 18:13:31,GET /profil1 302 60 - 1.825 ms

2021-07-05 18:13:31,GET /profil1 302 60 - 1.391 ms

2021-07-05 18:18:58,GET /profil 302 64 - 26.579 ms

2021-07-05 18:18:59,GET /connecter 200 6458 - 39.677 ms

2021-07-05 18:18:59,GET /connecter 304 - - 9.272 ms

2021-07-05 18:19:06,POST /connecter 302 58 - 167.175 ms

2021-07-05 18:19:06,GET /profil 200 7264 - 11.352 ms

2021-07-05 18:19:07,GET /css/admin.css 404 152 - 8.587 ms

2021-07-05 18:19:10,GET /verifier 304 - - 8.916 ms

2021-07-05 18:19:10,GET /css/verification.css 404 159 - 6.762 ms

2021-07-05 18:19:13,DELETE /logout?_method=DELETE 302 64 - 7.620 ms

2021-07-05 18:19:13,GET /connecter 200 6458 - 11.127 ms

2021-07-05 18:19:27,GET /profil 302 64 - 2.305 ms

2021-07-05 18:19:27,GET /connecter 304 - - 14.710 ms

2021-07-05 18:19:31,GET /profil 302 64 - 4.184 ms

2021-07-05 18:19:31,GET /connecter 304 - - 4.059 ms

2021-07-05 18:19:38,POST /connecter 302 58 - 99.358 ms

2021-07-05 18:19:38,GET /profil 200 7264 - 7.516 ms

2021-07-05 18:19:38,GET /css/admin.css 404 152 - 3.252 ms

2021-07-05 18:19:41,GET /saisie 304 - - 11.227 ms

2021-07-05 18:19:41,GET /css/PageSaisie.css 404 157 - 2.972 ms

2021-07-05 18:19:55,DELETE /logout?_method=DELETE 302 64 - 2.970 ms

2021-07-05 18:19:55,GET /connecter 200 6458 - 4.611 ms

2021-07-05 18:19:59,GET /profil 302 64 - 3.674 ms

2021-07-05 18:19:59,GET /connecter 304 - - 6.344 ms

2021-07-05 18:20:07,POST /connecter 302 58 - 100.634 ms

2021-07-05 18:20:07,GET /profil 200 7001 - 12.994 ms

2021-07-05 18:20:07,GET /css/admin.css 404 152 - 2.583 ms

2021-07-05 18:20:09,GET /recours 304 - - 8.052 ms

2021-07-05 18:20:10,GET /main.js 404 146 - 2.475 ms

2021-07-05 18:20:11,GET /css/admin.css 404 152 - 2.674 ms

2021-07-05 18:20:13,GET /DossierNonVal 302 64 - 2.881 ms

2021-07-05 18:20:13,GET /connecter 200 6458 - 4.352 ms

2021-07-05 18:20:33,POST /connecter 302 58 - 90.248 ms

2021-07-05 18:20:33,GET /profil 304 - - 7.701 ms

2021-07-05 18:20:33,GET /css/admin.css 404 152 - 2.302 ms

2021-07-05 18:20:36,GET /verifier 302 58 - 3.725 ms

2021-07-05 18:20:36,GET /profil 304 - - 5.185 ms

2021-07-05 18:20:36,GET /css/admin.css 404 152 - 2.902 ms

2021-07-05 18:20:39,GET /DossierNonVal 302 58 - 3.338 ms

2021-07-05 18:20:39,GET /profil 304 - - 5.108 ms

2021-07-05 18:20:40,GET /css/admin.css 404 152 - 2.442 ms

2021-07-05 18:20:55,GET /DossierNonVal 302 58 - 4.269 ms

2021-07-05 18:20:55,GET /profil 304 - - 8.150 ms

2021-07-05 18:20:55,GET /css/admin.css 404 152 - 4.717 ms

2021-07-05 18:21:03,GET /DossierVal 302 58 - 2.236 ms

2021-07-05 18:21:03,GET /profil 304 - - 6.747 ms

2021-07-05 18:21:03,GET /css/admin.css 404 152 - 2.172 ms

2021-07-05 18:21:07,GET /recours 304 - - 5.451 ms

2021-07-05 18:21:07,GET /main.js 404 146 - 2.573 ms

2021-07-05 18:21:10,GET /DossierNonVal 302 58 - 2.451 ms

2021-07-05 18:21:10,GET /profil 304 - - 4.240 ms

2021-07-05 18:21:10,GET /css/admin.css 404 152 - 2.706 ms

2021-07-05 18:21:14,GET /DossierVal 302 58 - 2.935 ms

2021-07-05 18:21:14,GET /profil 304 - - 12.318 ms

2021-07-05 18:21:14,GET /css/admin.css 404 152 - 2.180 ms

2021-07-05 18:21:25,GET /saisir 404 145 - 2.370 ms

2021-07-05 18:21:28,GET /saisie 200 37619 - 9.068 ms

2021-07-05 18:21:28,GET /css/PageSaisie.css 404 157 - 3.556 ms

2021-07-05 18:21:39,DELETE /logout?_method=DELETE 302 64 - 4.705 ms

2021-07-05 18:21:39,GET /connecter 200 6458 - 7.282 ms

2021-07-05 18:21:43,GET /saisie 302 64 - 1.921 ms

2021-07-05 18:21:43,GET /connecter 304 - - 4.401 ms

2021-07-05 18:22:38,POST /connecter 302 58 - 88.116 ms

2021-07-05 18:22:38,GET /profil 200 7001 - 10.064 ms

2021-07-05 18:22:38,GET /css/admin.css 404 152 - 4.130 ms

2021-07-05 18:22:39,GET /DossierNonVal 200 21939 - 7.582 ms

2021-07-05 18:22:39,GET /main.js 404 146 - 2.575 ms

2021-07-05 18:22:52,GET /DossierNonVal 304 - - 6.682 ms

2021-07-05 18:22:52,GET /main.js 404 146 - 6.123 ms

2021-07-05 18:22:54,POST /validerDossiers 200 16066 - 41.692 ms

2021-07-05 18:22:55,GET /main.js 404 146 - 6.532 ms

2021-07-05 18:22:58,POST /Modifier 200 29245 - 49.087 ms

2021-07-05 18:22:58,GET /css/PageSaisie.css 404 157 - 2.559 ms

2021-07-05 18:31:18,GET /Modifier 404 147 - 22.337 ms

2021-07-05 18:31:19,GET /Modifier 404 147 - 9.527 ms

2021-07-05 18:31:26,GET /comptes 302 64 - 13.714 ms

2021-07-05 18:31:26,GET /connecter 200 6458 - 48.248 ms

2021-07-05 18:31:42,POST /connecter 302 58 - 133.681 ms

2021-07-05 18:31:42,GET /profil 200 7264 - 3.632 ms

2021-07-05 18:31:42,GET /css/admin.css 404 152 - 4.316 ms

2021-07-05 18:31:45,GET /saisie 302 64 - 2.077 ms

2021-07-05 18:31:45,GET /connecter 200 6458 - 6.306 ms

2021-07-05 18:31:53,POST /connecter 302 64 - 107.780 ms

2021-07-05 18:31:53,GET /connecter 200 6504 - 4.761 ms

2021-07-05 18:31:58,POST /connecter 302 58 - 102.289 ms

2021-07-05 18:31:58,GET /profil 200 7264 - 10.318 ms

2021-07-05 18:31:58,GET /css/admin.css 404 152 - 2.740 ms

2021-07-05 18:31:59,GET /saisie 200 37619 - 30.442 ms

2021-07-05 18:31:59,GET /css/PageSaisie.css 404 157 - 2.613 ms

2021-07-05 18:32:03,GET /verifier 200 10563 - 6.964 ms

2021-07-05 18:32:03,GET /css/verification.css 404 159 - 2.784 ms

2021-07-05 18:32:07,DELETE /logout?_method=DELETE 302 64 - 3.850 ms

2021-07-05 18:32:07,GET /connecter 200 6458 - 3.828 ms

2021-07-05 18:32:15,POST /connecter 302 58 - 102.211 ms

2021-07-05 18:32:15,GET /profil 200 7000 - 9.768 ms

2021-07-05 18:32:15,GET /css/admin.css 404 152 - 2.452 ms

2021-07-05 18:32:16,GET /DossierNonVal 302 58 - 3.642 ms

2021-07-05 18:32:16,GET /profil 304 - - 11.373 ms

2021-07-05 18:32:17,GET /css/admin.css 404 152 - 2.874 ms

2021-07-05 18:32:26,GET /recours 304 - - 7.393 ms

2021-07-05 18:32:26,GET /main.js 404 146 - 3.275 ms

2021-07-05 18:32:35,GET /DossierNonVal 302 58 - 2.821 ms

2021-07-05 18:32:35,GET /profil 304 - - 7.466 ms

2021-07-05 18:32:35,GET /css/admin.css 404 152 - 2.517 ms

2021-07-05 18:32:40,GET /DossierNonVal 302 58 - 2.692 ms

2021-07-05 18:32:40,GET /profil 304 - - 8.270 ms

2021-07-05 18:32:40,GET /css/admin.css 404 152 - 2.673 ms

2021-07-05 18:32:47,GET /DossierVal 302 58 - 2.385 ms

2021-07-05 18:32:47,GET /profil 304 - - 7.279 ms

2021-07-05 18:32:47,GET /css/admin.css 404 152 - 5.040 ms

2021-07-05 18:32:57,GET /profil 304 - - 5.182 ms

2021-07-05 18:32:57,GET /css/admin.css 404 152 - 3.286 ms

2021-07-05 18:32:59,GET /profil 304 - - 5.941 ms

2021-07-05 18:32:59,GET /css/admin.css 404 152 - 2.340 ms

2021-07-05 18:33:00,GET /profil 304 - - 3.150 ms

2021-07-05 18:33:00,GET /css/admin.css 404 152 - 3.850 ms

2021-07-05 18:39:24,GET /profil 302 64 - 29.527 ms

2021-07-05 18:39:24,GET /connecter 200 6458 - 60.467 ms

2021-07-05 18:39:33,POST /connecter 302 58 - 173.258 ms

2021-07-05 18:39:33,GET /profil 200 7264 - 11.702 ms

2021-07-05 18:39:33,GET /css/admin.css 404 152 - 9.117 ms

2021-07-05 18:39:40,GET /verifier 304 - - 7.267 ms

2021-07-05 18:39:40,GET /css/verification.css 404 159 - 6.834 ms

2021-07-05 18:39:44,GET /saisie 304 - - 16.360 ms

2021-07-05 18:39:44,GET /css/PageSaisie.css 404 157 - 3.328 ms

2021-07-05 18:39:46,DELETE /logout?_method=DELETE 302 64 - 3.322 ms

2021-07-05 18:39:46,GET /connecter 200 6458 - 14.632 ms

2021-07-05 18:39:52,GET /profil 302 64 - 1.637 ms

2021-07-05 18:39:53,GET /connecter 304 - - 89.817 ms

2021-07-05 18:39:56,GET /profil 302 64 - 2.328 ms

2021-07-05 18:39:57,GET /connecter 304 - - 8.911 ms

2021-07-05 18:40:03,POST /connecter 302 58 - 112.346 ms

2021-07-05 18:40:04,GET /profil 200 7000 - 6.698 ms

2021-07-05 18:40:04,GET /css/admin.css 404 152 - 3.721 ms

2021-07-05 18:40:09,GET /recours 304 - - 13.455 ms

2021-07-05 18:40:09,GET /main.js 404 146 - 2.013 ms

2021-07-05 18:40:15,GET /DossierNonVal 302 64 - 1.864 ms

2021-07-05 18:40:15,GET /connecter 200 6458 - 6.388 ms

2021-07-05 18:40:26,POST /connecter 302 58 - 96.199 ms

2021-07-05 18:40:26,GET /profil 200 7000 - 8.544 ms

2021-07-05 18:40:26,GET /css/admin.css 404 152 - 2.826 ms

2021-07-05 18:40:28,GET /DossierNonVal 200 21939 - 11.196 ms

2021-07-05 18:40:28,GET /main.js 404 146 - 2.910 ms

2021-07-05 18:40:34,DELETE /logout?_method=DELETE 302 64 - 3.351 ms

2021-07-05 18:40:34,GET /connecter 200 6458 - 7.902 ms

2021-07-05 18:40:41,POST /connecter 302 58 - 94.452 ms

2021-07-05 18:40:41,GET /profil 200 7264 - 5.505 ms

2021-07-05 18:40:41,GET /css/admin.css 404 152 - 2.710 ms

2021-07-05 18:40:43,GET /verifier 302 58 - 1.739 ms

2021-07-05 18:40:43,GET /profil 304 - - 22.584 ms

2021-07-05 18:40:43,GET /css/admin.css 404 152 - 2.786 ms

2021-07-05 18:40:58,GET /verifier 302 58 - 1.953 ms

2021-07-05 18:40:58,GET /profil 304 - - 7.212 ms

2021-07-05 18:40:59,GET /css/admin.css 404 152 - 2.336 ms

2021-07-05 18:41:12,GET /recours 304 - - 6.864 ms

2021-07-05 18:41:12,GET /main.js 404 146 - 3.045 ms

2021-07-05 18:41:22,GET /profil 304 - - 5.733 ms

2021-07-05 18:41:22,GET /css/admin.css 404 152 - 4.189 ms

2021-07-05 18:41:27,GET /profil 304 - - 6.198 ms

2021-07-05 18:41:27,GET /css/admin.css 404 152 - 3.298 ms

2021-07-05 18:41:29,GET /DossierNonVal 302 58 - 1.916 ms

2021-07-05 18:41:29,GET /profil 304 - - 9.680 ms

2021-07-05 18:41:29,GET /css/admin.css 404 152 - 2.499 ms

2021-07-05 18:44:35,GET /profil 302 64 - 17.476 ms

2021-07-05 18:44:35,GET /connecter 200 6458 - 34.858 ms

2021-07-05 18:44:46,POST /connecter 302 58 - 129.050 ms

2021-07-05 18:44:46,GET /profil 200 7264 - 9.885 ms

2021-07-05 18:44:46,GET /css/admin.css 404 152 - 9.129 ms

2021-07-05 18:44:47,GET /verifier 302 64 - 3.083 ms

2021-07-05 18:44:47,GET /connecter 200 6458 - 8.323 ms

2021-07-05 18:44:55,POST /connecter 302 64 - 105.129 ms

2021-07-05 18:44:55,GET /connecter 200 6504 - 6.006 ms

2021-07-05 18:45:02,POST /connecter 302 58 - 106.462 ms

2021-07-05 18:45:02,GET /profil 200 7264 - 7.021 ms

2021-07-05 18:45:02,GET /css/admin.css 404 152 - 9.006 ms

2021-07-05 18:45:03,GET /verifier 200 10563 - 4.885 ms

2021-07-05 18:45:03,GET /css/verification.css 404 159 - 3.716 ms

2021-07-05 18:45:10,GET /saisie 304 - - 7.599 ms

2021-07-05 18:45:10,GET /css/PageSaisie.css 404 157 - 4.189 ms

2021-07-05 18:45:23,DELETE /logout?_method=DELETE 302 64 - 3.287 ms

2021-07-05 18:45:23,GET /connecter 200 6458 - 4.321 ms

2021-07-05 18:45:32,POST /connecter 302 58 - 100.255 ms

2021-07-05 18:45:32,GET /profil 200 7000 - 7.047 ms

2021-07-05 18:45:32,GET /css/admin.css 404 152 - 2.653 ms

2021-07-05 18:45:35,GET /DossierNonVal 302 58 - 4.268 ms

2021-07-05 18:45:35,GET /profil 304 - - 59.616 ms

2021-07-05 18:45:35,GET /css/admin.css 404 152 - 2.789 ms

2021-07-05 18:45:45,GET /verifier 302 58 - 2.399 ms

2021-07-05 18:45:45,GET /profil 304 - - 37.888 ms

2021-07-05 18:45:46,GET /css/admin.css 404 152 - 2.684 ms

2021-07-05 18:45:50,GET /profil 304 - - 7.111 ms

2021-07-05 18:45:50,GET /css/admin.css 404 152 - 3.843 ms

2021-07-05 18:46:09,DELETE /logout?_method=DELETE 302 64 - 2.163 ms

2021-07-05 18:46:09,GET /connecter 200 6458 - 10.578 ms

2021-07-05 18:51:47,POST /connecter 302 58 - 641.531 ms

2021-07-05 18:51:47,GET /profil 200 7264 - 392.771 ms

2021-07-05 18:51:47,GET /css/admin.css 404 152 - 9.177 ms

2021-07-05 18:51:50,DELETE /logout?_method=DELETE 302 64 - 5.617 ms

2021-07-05 18:51:50,GET /connecter 200 6458 - 28.615 ms

2021-07-05 18:51:58,POST /connecter 302 58 - 123.361 ms

2021-07-05 18:51:58,GET /profil 200 7000 - 25.097 ms

2021-07-05 18:51:58,GET /css/admin.css 404 152 - 6.193 ms

2021-07-05 18:52:00,GET /DossierNonVal 302 64 - 5.532 ms

2021-07-05 18:52:00,GET /connecter 200 6458 - 59.472 ms

2021-07-05 18:52:01,GET /DossierNonVal 302 64 - 1.811 ms

2021-07-05 18:52:01,GET /connecter 304 - - 10.362 ms

2021-07-05 18:52:33,POST /connecter 302 58 - 117.068 ms

2021-07-05 18:52:33,GET /profil 200 7000 - 5.155 ms

2021-07-05 18:52:33,GET /css/admin.css 404 152 - 3.189 ms

2021-07-05 18:52:37,GET /DossierNonVal 200 21939 - 184.549 ms

2021-07-05 18:52:38,GET /main.js 404 146 - 1.979 ms

2021-07-05 18:55:13,GET /DossierNonVal 302 64 - 29.389 ms

2021-07-05 18:55:13,GET /connecter 200 6458 - 99.123 ms

2021-07-05 18:55:14,GET /connecter 304 - - 43.934 ms

2021-07-05 18:55:26,POST /connecter 302 58 - 156.780 ms

2021-07-05 18:55:26,GET /profil 200 7264 - 5.784 ms

2021-07-05 18:55:26,GET /css/admin.css 404 152 - 9.977 ms

2021-07-05 18:55:29,GET /verifier 302 64 - 2.699 ms

2021-07-05 18:55:29,GET /connecter 200 6458 - 20.300 ms

2021-07-05 18:55:40,POST /connecter 302 58 - 123.374 ms

2021-07-05 18:55:40,GET /profil 200 7264 - 13.548 ms

2021-07-05 18:55:40,GET /css/admin.css 404 152 - 5.263 ms

2021-07-05 18:55:41,GET /verifier 200 10563 - 21.482 ms

2021-07-05 18:55:42,GET /css/verification.css 404 159 - 4.540 ms

2021-07-05 18:55:46,DELETE /logout?_method=DELETE 302 64 - 3.578 ms

2021-07-05 18:55:46,GET /connecter 200 6458 - 12.564 ms

2021-07-05 18:55:58,POST /connecter 302 58 - 111.772 ms

2021-07-05 18:55:58,GET /profil 200 7000 - 6.219 ms

2021-07-05 18:55:58,GET /css/admin.css 404 152 - 2.213 ms

2021-07-05 18:55:59,GET /DossierNonVal 302 58 - 2.175 ms

2021-07-05 18:55:59,GET /profil 304 - - 28.905 ms

2021-07-05 18:56:00,GET /css/admin.css 404 152 - 2.474 ms

2021-07-05 18:57:48,DELETE /logout?_method=DELETE 302 64 - 1.965 ms

2021-07-05 18:57:48,GET /connecter 200 6458 - 8.636 ms

2021-07-05 18:58:00,POST /connecter 302 58 - 115.283 ms

2021-07-05 18:58:00,GET /profil 200 7000 - 9.215 ms

2021-07-05 18:58:00,GET /css/admin.css 404 152 - 3.204 ms

2021-07-05 18:58:01,GET /DossierNonVal 200 21939 - 17.514 ms

2021-07-05 18:58:01,GET /main.js 404 146 - 2.819 ms

2021-07-05 18:58:05,DELETE /logout?_method=DELETE 302 64 - 2.823 ms

2021-07-05 18:58:05,GET /connecter 200 6458 - 11.729 ms

2021-07-05 18:58:26,POST /connecter 302 58 - 103.805 ms

2021-07-05 18:58:26,GET /profil 200 7264 - 20.003 ms

2021-07-05 18:58:26,GET /css/admin.css 404 152 - 2.385 ms

2021-07-05 18:58:28,GET /verifier 302 58 - 2.357 ms

2021-07-05 18:58:28,GET /profil 304 - - 10.485 ms

2021-07-05 18:58:28,GET /css/admin.css 404 152 - 2.956 ms

2021-07-05 18:58:35,GET /recours 304 - - 26.904 ms

2021-07-05 18:58:36,GET /main.js 404 146 - 2.949 ms

2021-07-05 18:58:38,DELETE /logout?_method=DELETE 302 64 - 2.861 ms

2021-07-05 18:58:38,GET /connecter 200 6458 - 4.616 ms

2021-07-05 18:58:46,POST /connecter 302 58 - 99.448 ms

2021-07-05 18:58:46,GET /profil 200 7264 - 5.977 ms

2021-07-05 18:58:46,GET /css/admin.css 404 152 - 2.608 ms

2021-07-05 18:58:48,GET /verifier 200 10563 - 5.702 ms

2021-07-05 18:58:48,GET /css/verification.css 404 159 - 2.459 ms

2021-07-05 19:01:44,GET /verifier 302 64 - 27.659 ms

2021-07-05 19:01:44,GET /connecter 200 6458 - 52.495 ms

2021-07-05 19:01:53,POST /connecter 302 58 - 174.157 ms

2021-07-05 19:01:53,GET /profil 304 - - 33.792 ms

2021-07-05 19:01:53,GET /css/admin.css 404 152 - 8.471 ms

2021-07-05 19:01:57,GET /saisie 304 - - 54.570 ms

2021-07-05 19:01:57,GET /css/PageSaisie.css 404 157 - 9.261 ms

2021-07-05 19:02:00,DELETE /logout?_method=DELETE 302 64 - 5.913 ms

2021-07-05 19:02:00,GET /connecter 200 6458 - 6.312 ms

2021-07-05 19:02:22,POST /connecter 302 58 - 121.957 ms

2021-07-05 19:02:22,GET /profil 200 7000 - 16.821 ms

2021-07-05 19:02:22,GET /css/admin.css 404 152 - 2.074 ms

2021-07-05 19:02:25,GET /DossierNonVal 302 64 - 3.732 ms

2021-07-05 19:02:25,GET /connecter 200 6458 - 5.460 ms

2021-07-05 19:02:35,POST /connecter 302 58 - 95.472 ms

2021-07-05 19:02:35,GET /profil 200 7000 - 7.915 ms

2021-07-05 19:02:35,GET /css/admin.css 404 152 - 2.738 ms

2021-07-05 19:02:36,GET /DossierNonVal 200 21939 - 11.576 ms

2021-07-05 19:02:36,GET /main.js 404 146 - 2.607 ms

2021-07-05 19:02:40,GET /css/admin.css 404 152 - 2.689 ms

2021-07-05 19:02:43,GET /DossierNonVal 304 - - 9.486 ms

2021-07-05 19:02:43,GET /main.js 404 146 - 4.624 ms

2021-07-05 19:02:51,DELETE /logout?_method=DELETE 302 64 - 1.468 ms

2021-07-05 19:02:51,GET /connecter 200 6458 - 4.324 ms

2021-07-05 19:03:15,POST /connecter 302 58 - 108.800 ms

2021-07-05 19:03:15,GET /profil 200 7264 - 12.241 ms

2021-07-05 19:03:15,GET /css/admin.css 404 152 - 3.860 ms

2021-07-05 19:03:18,GET /verifier 302 58 - 2.944 ms

2021-07-05 19:03:18,GET /profil 304 - - 5.355 ms

2021-07-05 19:03:19,GET /css/admin.css 404 152 - 2.580 ms

2021-07-05 19:04:09,DELETE /logout?_method=DELETE 302 64 - 2.116 ms

2021-07-05 19:04:09,GET /connecter 200 6458 - 4.802 ms

2021-07-05 19:04:14,POST /connecter 302 58 - 115.503 ms

2021-07-05 19:04:14,GET /profil 200 7264 - 13.014 ms

2021-07-05 19:04:14,GET /css/admin.css 404 152 - 2.885 ms

2021-07-05 19:04:15,GET /verifier 200 10563 - 7.162 ms

2021-07-05 19:04:15,GET /css/verification.css 404 159 - 2.879 ms

2021-07-05 19:04:23,DELETE /logout?_method=DELETE 302 64 - 1.808 ms

2021-07-05 19:04:23,GET /connecter 200 6458 - 11.044 ms

2021-07-05 19:04:31,POST /connecter 302 58 - 109.479 ms

2021-07-05 19:04:31,GET /profil 200 7000 - 9.213 ms

2021-07-05 19:04:31,GET /css/admin.css 404 152 - 2.334 ms

2021-07-05 19:04:35,GET /DossierNonVal 302 58 - 4.185 ms

2021-07-05 19:04:35,GET /profil 304 - - 10.188 ms

2021-07-05 19:04:35,GET /css/admin.css 404 152 - 5.094 ms

2021-07-05 19:05:04,GET /verifier 302 58 - 1.884 ms

2021-07-05 19:05:04,GET /profil 304 - - 9.901 ms

2021-07-05 19:05:04,GET /css/admin.css 404 152 - 49.092 ms

2021-07-05 19:11:51,GET /DossierNonVal 302 58 - 4.528 ms

2021-07-05 19:11:51,GET /profil 304 - - 18.827 ms

2021-07-05 19:11:51,GET /css/admin.css 404 152 - 2.394 ms

2021-07-05 19:11:59,GET /DossierVal 302 58 - 2.555 ms

2021-07-05 19:11:59,GET /profil 304 - - 16.206 ms

2021-07-05 19:11:59,GET /css/admin.css 404 152 - 6.683 ms

2021-07-05 19:25:53,GET /profil 302 64 - 58.222 ms

2021-07-05 19:25:53,GET /connecter 200 6458 - 114.566 ms

2021-07-05 19:26:02,POST /connecter 302 58 - 440.003 ms

2021-07-05 19:26:02,GET /profil 200 7264 - 26.825 ms

2021-07-05 19:26:02,GET /css/admin.css 404 152 - 13.394 ms

2021-07-05 19:26:03,GET /verifier 302 64 - 3.836 ms

2021-07-05 19:26:04,GET /connecter 200 6458 - 43.576 ms

2021-07-05 19:26:13,POST /connecter 302 58 - 132.222 ms

2021-07-05 19:26:13,GET /profil 200 7264 - 14.461 ms

2021-07-05 19:26:14,GET /css/admin.css 404 152 - 15.608 ms

2021-07-05 19:26:16,GET /verifier 200 10563 - 89.357 ms

2021-07-05 19:26:16,GET /css/verification.css 404 159 - 3.060 ms

2021-07-05 19:26:20,GET /profil 304 - - 17.659 ms

2021-07-05 19:26:21,GET /css/admin.css 404 152 - 3.310 ms

2021-07-05 19:26:22,DELETE /logout?_method=DELETE 302 64 - 2.438 ms

2021-07-05 19:26:22,GET /connecter 200 6458 - 9.061 ms

2021-07-05 19:26:36,POST /connecter 302 58 - 154.289 ms

2021-07-05 19:26:36,GET /profil 200 7000 - 15.622 ms

2021-07-05 19:26:36,GET /css/admin.css 404 152 - 2.714 ms

2021-07-05 19:26:38,GET /DossierNonVal 302 58 - 3.121 ms

2021-07-05 19:26:38,GET /profil 304 - - 30.630 ms

2021-07-05 19:26:38,GET /css/admin.css 404 152 - 2.732 ms

2021-07-05 19:39:14,GET /profil 302 64 - 37.538 ms

2021-07-05 19:39:14,GET /connecter 200 6458 - 60.481 ms

2021-07-05 19:50:09,GET /connecter 304 - - 132.739 ms

2021-07-05 19:50:23,POST /connecter 302 58 - 544.032 ms

2021-07-05 19:50:23,GET /profil 200 7264 - 33.527 ms

2021-07-05 19:50:23,GET /css/admin.css 404 152 - 11.464 ms

2021-07-05 19:50:25,GET /verifier 302 64 - 4.053 ms

2021-07-05 19:50:25,GET /connecter 200 6458 - 19.950 ms

2021-07-05 19:50:33,POST /connecter 302 58 - 130.990 ms

2021-07-05 19:50:33,GET /profil 200 7264 - 8.084 ms

2021-07-05 19:50:33,GET /css/admin.css 404 152 - 7.320 ms

2021-07-05 19:50:34,GET /verifier 200 10563 - 20.025 ms

2021-07-05 19:50:34,GET /css/verification.css 404 159 - 2.495 ms

2021-07-05 19:50:37,GET /profil 304 - - 32.687 ms

2021-07-05 19:50:38,GET /css/admin.css 404 152 - 3.400 ms

2021-07-05 19:50:39,DELETE /logout?_method=DELETE 302 64 - 3.442 ms

2021-07-05 19:50:39,GET /connecter 200 6458 - 8.214 ms

2021-07-05 19:50:43,GET /connecter 304 - - 5.035 ms

2021-07-05 19:50:51,POST /connecter 302 58 - 142.660 ms

2021-07-05 19:50:51,GET /profil 200 7000 - 52.742 ms

2021-07-05 19:50:51,GET /css/admin.css 404 152 - 2.750 ms

2021-07-05 19:50:53,GET /recours 304 - - 24.886 ms

2021-07-05 19:50:53,GET /main.js 404 146 - 3.494 ms

2021-07-05 19:50:55,GET /css/admin.css 404 152 - 3.118 ms

2021-07-05 19:50:56,GET /DossierNonVal 302 58 - 6.705 ms

2021-07-05 19:50:56,GET /profil 304 - - 12.972 ms

2021-07-05 19:50:56,GET /css/admin.css 404 152 - 2.888 ms

2021-07-05 19:55:54,GET /profil 302 64 - 95.936 ms

2021-07-05 19:55:55,GET /connecter 200 6458 - 256.180 ms

2021-07-05 19:55:55,GET /profil 302 64 - 5.566 ms

2021-07-05 19:55:55,GET /connecter 200 6458 - 38.979 ms

2021-07-05 19:56:03,POST /connecter 302 58 - 365.645 ms

2021-07-05 19:56:03,GET /profil 200 7264 - 23.475 ms

2021-07-05 19:56:03,GET /css/admin.css 404 152 - 11.254 ms

2021-07-05 19:56:06,GET /verifier 304 - - 31.982 ms

2021-07-05 19:56:06,GET /css/verification.css 404 159 - 7.376 ms

2021-07-05 19:56:10,GET /profil 304 - - 37.892 ms

2021-07-05 19:56:10,GET /css/admin.css 404 152 - 5.215 ms

2021-07-05 19:56:12,DELETE /logout?_method=DELETE 302 64 - 3.108 ms

2021-07-05 19:56:12,GET /connecter 200 6458 - 12.899 ms

2021-07-05 19:56:20,POST /connecter 302 64 - 140.837 ms

2021-07-05 19:56:20,GET /connecter 200 6504 - 6.387 ms

2021-07-05 19:56:28,POST /connecter 302 58 - 137.905 ms

2021-07-05 19:56:28,GET /profil 200 7000 - 7.052 ms

2021-07-05 19:56:28,GET /css/admin.css 404 152 - 6.258 ms

2021-07-05 19:56:30,GET /recours 304 - - 31.242 ms

2021-07-05 19:56:30,GET /main.js 404 146 - 2.888 ms

2021-07-05 19:56:34,GET /DossierNonVal 302 64 - 5.706 ms

2021-07-05 19:56:34,GET /connecter 200 6458 - 16.830 ms

2021-07-05 19:56:45,POST /connecter 302 58 - 113.965 ms

2021-07-05 19:56:45,GET /profil 200 7000 - 4.804 ms

2021-07-05 19:56:45,GET /css/admin.css 404 152 - 3.156 ms

2021-07-05 19:56:47,GET /DossierNonVal 200 21939 - 25.053 ms

2021-07-05 19:56:47,GET /main.js 404 146 - 2.867 ms

2021-07-05 19:56:52,GET /DossierVal 200 18370 - 28.686 ms

2021-07-05 19:56:52,GET /main.js 404 146 - 2.917 ms

2021-07-05 19:56:52,GET /main.js 404 146 - 2.749 ms

2021-07-05 19:56:53,GET /DossierVal 304 - - 13.305 ms

2021-07-05 19:56:53,GET /main.js 404 146 - 3.100 ms

2021-07-05 19:56:53,GET /main.js 404 146 - 2.956 ms

2021-07-05 19:57:03,DELETE /logout?_method=DELETE 302 64 - 2.705 ms

2021-07-05 19:57:03,GET /connecter 200 6458 - 4.754 ms

2021-07-05 19:57:10,POST /connecter 302 58 - 112.149 ms

2021-07-05 19:57:10,GET /profil 200 7264 - 5.305 ms

2021-07-05 19:57:10,GET /css/admin.css 404 152 - 3.673 ms

2021-07-05 19:57:12,GET /verifier 302 58 - 2.594 ms

2021-07-05 19:57:12,GET /profil 304 - - 18.636 ms

2021-07-05 19:57:13,GET /css/admin.css 404 152 - 2.717 ms

2021-07-05 19:57:15,DELETE /logout?_method=DELETE 302 64 - 3.066 ms

2021-07-05 19:57:15,GET /connecter 200 6458 - 12.758 ms

2021-07-05 19:57:21,POST /connecter 302 58 - 240.209 ms

2021-07-05 19:57:22,GET /profil 200 7264 - 7.545 ms

2021-07-05 19:57:22,GET /css/admin.css 404 152 - 2.906 ms

2021-07-05 19:57:23,GET /verifier 200 10563 - 6.676 ms

2021-07-05 19:57:23,GET /css/verification.css 404 159 - 3.529 ms

2021-07-05 19:57:26,GET /profil 304 - - 10.559 ms

2021-07-05 19:57:26,GET /css/admin.css 404 152 - 2.888 ms

2021-07-05 19:57:27,DELETE /logout?_method=DELETE 302 64 - 3.504 ms

2021-07-05 19:57:28,GET /connecter 200 6458 - 5.343 ms

2021-07-05 19:57:36,POST /connecter 302 58 - 131.814 ms

2021-07-05 19:57:36,GET /profil 200 7000 - 26.107 ms

2021-07-05 19:57:37,GET /css/admin.css 404 152 - 3.010 ms

2021-07-05 19:57:38,GET /DossierNonVal 302 58 - 2.545 ms

2021-07-05 19:57:38,GET /profil 304 - - 14.436 ms

2021-07-05 19:57:39,GET /css/admin.css 404 152 - 2.917 ms

2021-07-05 19:57:41,GET /saisie 304 - - 68.219 ms

2021-07-05 19:57:42,GET /css/PageSaisie.css 404 157 - 3.225 ms

2021-07-05 19:57:47,GET /verifier 302 58 - 5.399 ms

2021-07-05 19:57:47,GET /profil 304 - - 34.024 ms

2021-07-05 19:57:47,GET /css/admin.css 404 152 - 2.675 ms

2021-07-05 19:57:57,GET /verifier 302 58 - 1.731 ms

2021-07-05 19:57:57,GET /profil 304 - - 21.968 ms

2021-07-05 19:57:58,GET /css/admin.css 404 152 - 4.895 ms

2021-07-05 19:58:00,GET /DossierNonVal 302 58 - 2.104 ms

2021-07-05 19:58:00,GET /profil 304 - - 5.581 ms

2021-07-05 19:58:00,GET /css/admin.css 404 152 - 2.563 ms

2021-07-05 19:58:02,GET /saisie 304 - - 14.357 ms

2021-07-05 19:58:02,GET /css/PageSaisie.css 404 157 - 2.701 ms

2021-07-05 19:58:05,DELETE /logout?_method=DELETE 302 64 - 7.509 ms

2021-07-05 19:58:05,GET /connecter 200 6458 - 12.364 ms

2021-07-05 19:58:09,POST /connecter 302 58 - 129.405 ms

2021-07-05 19:58:09,GET /profil 200 7264 - 14.977 ms

2021-07-05 19:58:09,GET /css/admin.css 404 152 - 2.681 ms

2021-07-05 19:58:11,GET /verifier 200 10563 - 4.772 ms

2021-07-05 19:58:11,GET /css/verification.css 404 159 - 2.446 ms

2021-07-05 19:58:13,GET /profil 304 - - 28.811 ms

2021-07-05 19:58:13,GET /css/admin.css 404 152 - 3.453 ms

2021-07-05 19:58:16,DELETE /logout?_method=DELETE 302 64 - 1.747 ms

2021-07-05 19:58:16,GET /connecter 200 6458 - 10.713 ms

2021-07-05 19:58:22,POST /connecter 302 58 - 154.460 ms

2021-07-05 19:58:23,GET /profil 200 7000 - 6.965 ms

2021-07-05 19:58:23,GET /css/admin.css 404 152 - 2.550 ms

2021-07-05 19:58:24,GET /DossierNonVal 302 58 - 2.326 ms

2021-07-05 19:58:24,GET /profil 304 - - 127.978 ms

2021-07-05 19:58:25,GET /css/admin.css 404 152 - 2.958 ms

2021-07-05 19:58:27,DELETE /logout?_method=DELETE 302 64 - 2.187 ms

2021-07-05 19:58:27,GET /connecter 200 6458 - 5.358 ms

2021-07-05 19:58:33,POST /connecter 302 58 - 134.955 ms

2021-07-05 19:58:34,GET /profil 200 7000 - 6.796 ms

2021-07-05 19:58:34,GET /css/admin.css 404 152 - 2.904 ms

2021-07-05 19:58:35,GET /DossierNonVal 200 21939 - 28.685 ms

2021-07-05 19:58:35,GET /main.js 404 146 - 2.555 ms

2021-07-05 19:58:39,GET /recours 304 - - 16.896 ms

2021-07-05 19:58:40,GET /main.js 404 146 - 3.908 ms

2021-07-05 19:58:43,DELETE /logout?_method=DELETE 302 64 - 1.818 ms

2021-07-05 19:58:43,GET /connecter 200 6458 - 5.690 ms

2021-07-05 19:58:55,POST /connecter 302 58 - 121.969 ms

2021-07-05 19:58:57,GET /profil - - - - ms

2021-07-05 19:58:57,POST /connecter 302 58 - 2.249 ms

2021-07-05 19:59:36,GET /profil - - - - ms

2021-07-05 19:59:36,POST /connecter 302 58 - 2.936 ms

2021-07-05 19:59:37,GET /profil - - - - ms

2021-07-05 19:59:37,POST /connecter 302 58 - 2.853 ms

2021-07-05 20:03:31,GET /profil - - - - ms

2021-07-05 20:03:31,GET /connecter 302 58 - 2.535 ms

2021-07-05 20:03:53,GET /connecter 200 6458 - 118.985 ms

2021-07-05 20:04:02,GET /connecter 304 - - 8.423 ms

2021-07-05 20:04:09,POST /connecter 302 58 - 434.247 ms

2021-07-05 20:04:09,GET /profil 200 7264 - 14.135 ms

2021-07-05 20:04:09,GET /css/admin.css 404 152 - 15.499 ms

2021-07-05 20:04:16,GET /verifier 304 - - 10.280 ms

2021-07-05 20:04:16,GET /css/verification.css 404 159 - 9.672 ms

2021-07-05 20:04:28,POST /connecter 302 58 - 4.618 ms

2021-07-05 20:04:28,GET /profil 304 - - 7.214 ms

2021-07-05 20:04:28,GET /css/admin.css 404 152 - 4.316 ms

2021-07-05 20:04:29,GET /verifier 304 - - 8.063 ms

2021-07-05 20:04:29,GET /css/verification.css 404 159 - 4.695 ms

2021-07-05 20:04:37,GET /profil 304 - - 5.217 ms

2021-07-05 20:04:37,GET /css/admin.css 404 152 - 2.918 ms

2021-07-05 20:04:40,GET /saisie 304 - - 16.200 ms

2021-07-05 20:04:40,GET /css/PageSaisie.css 404 157 - 3.821 ms

2021-07-05 20:04:42,DELETE /logout?_method=DELETE 302 64 - 3.823 ms

2021-07-05 20:04:42,GET /connecter 200 6458 - 7.563 ms

2021-07-05 20:04:47,GET /connecter 304 - - 24.847 ms

2021-07-05 20:05:41,GET /connecter 200 6458 - 19.971 ms

2021-07-05 20:05:54,POST /connecter 302 58 - 142.098 ms

2021-07-05 20:05:54,GET /profil 304 - - 7.094 ms

2021-07-05 20:05:54,GET /css/admin.css 404 152 - 5.532 ms

2021-07-05 20:05:59,GET /recours 302 64 - 3.074 ms

2021-07-05 20:05:59,GET /connecter 304 - - 15.566 ms

2021-07-05 20:06:08,POST /connecter 302 58 - 150.045 ms

2021-07-05 20:06:08,GET /profil 200 7000 - 55.172 ms

2021-07-05 20:06:08,GET /css/admin.css 404 152 - 3.610 ms

2021-07-05 20:06:10,GET /DossierNonVal 304 - - 21.138 ms

2021-07-05 20:06:10,GET /main.js 404 146 - 3.179 ms

2021-07-05 20:06:17,GET /profil 304 - - 34.316 ms

2021-07-05 20:06:17,GET /css/admin.css 404 152 - 4.496 ms

2021-07-05 20:12:22,GET /profil 302 64 - 30.445 ms

2021-07-05 20:12:22,GET /connecter 200 6458 - 71.474 ms

2021-07-05 20:12:34,POST /connecter 302 58 - 582.765 ms

2021-07-05 20:12:34,GET /profil 200 7264 - 30.292 ms

2021-07-05 20:12:35,GET /css/admin.css 404 152 - 11.163 ms

2021-07-05 20:12:37,GET /verifier 304 - - 48.760 ms

2021-07-05 20:12:37,GET /css/verification.css 404 159 - 7.537 ms

2021-07-05 20:12:39,GET /profil 304 - - 10.749 ms

2021-07-05 20:12:39,GET /css/admin.css 404 152 - 3.437 ms

2021-07-05 20:12:41,DELETE /logout?_method=DELETE 302 64 - 4.753 ms

2021-07-05 20:12:41,GET /connecter 200 6458 - 12.534 ms

2021-07-05 20:12:56,POST /connecter 302 58 - 155.103 ms

2021-07-05 20:12:56,GET /profil 200 7000 - 25.040 ms

2021-07-05 20:12:56,GET /css/admin.css 404 152 - 3.247 ms

2021-07-05 20:12:58,GET /recours 200 14367 - 13.397 ms

2021-07-05 20:12:58,GET /main.js 404 146 - 3.712 ms

2021-07-05 20:13:01,GET /DossierNonVal 302 64 - 2.971 ms

2021-07-05 20:13:01,GET /connecter 200 6458 - 8.708 ms

2021-07-05 20:13:12,POST /connecter 302 58 - 119.678 ms

2021-07-05 20:13:12,GET /profil 304 - - 4.862 ms

2021-07-05 20:13:13,GET /css/admin.css 404 152 - 3.070 ms

2021-07-05 20:13:16,GET /DossierNonVal 200 21939 - 52.996 ms

2021-07-05 20:13:17,GET /main.js 404 146 - 2.845 ms

2021-07-05 20:13:22,GET /profil 304 - - 26.340 ms

2021-07-05 20:13:23,GET /css/admin.css 404 152 - 3.762 ms

2021-07-05 20:13:25,DELETE /logout?_method=DELETE 302 64 - 2.509 ms

2021-07-05 20:13:25,GET /connecter 200 6458 - 5.980 ms

2021-07-05 20:13:33,POST /connecter 302 58 - 189.609 ms

2021-07-05 20:13:33,GET /profil 200 7264 - 56.790 ms

2021-07-05 20:13:33,GET /css/admin.css 404 152 - 3.135 ms

2021-07-05 20:13:39,GET /verifier 304 - - 67.091 ms

2021-07-05 20:13:39,GET /css/verification.css 404 159 - 3.179 ms

2021-07-05 20:13:43,DELETE /logout?_method=DELETE 302 64 - 3.257 ms

2021-07-05 20:13:43,GET /connecter 200 6458 - 6.272 ms

2021-07-05 20:13:49,POST /connecter 302 58 - 149.968 ms

2021-07-05 20:13:49,GET /profil 304 - - 30.807 ms

2021-07-05 20:13:49,GET /css/admin.css 404 152 - 4.584 ms

2021-07-05 20:13:50,GET /verifier 304 - - 12.588 ms

2021-07-05 20:13:50,GET /css/verification.css 404 159 - 3.617 ms

2021-07-05 20:13:52,DELETE /logout?_method=DELETE 302 64 - 2.807 ms

2021-07-05 20:13:52,GET /connecter 200 6458 - 20.313 ms

2021-07-05 20:13:59,POST /connecter 302 58 - 141.763 ms

2021-07-05 20:13:59,GET /profil 200 7000 - 28.437 ms

2021-07-05 20:13:59,GET /css/admin.css 404 152 - 2.999 ms

2021-07-05 20:14:00,GET /DossierNonVal 304 - - 26.745 ms

2021-07-05 20:14:00,GET /main.js 404 146 - 3.022 ms

2021-07-05 20:14:04,DELETE /logout?_method=DELETE 302 64 - 2.850 ms

2021-07-05 20:14:04,GET /connecter 200 6458 - 57.829 ms

2021-07-05 20:14:09,POST /connecter 302 58 - 141.365 ms

2021-07-05 20:14:09,GET /profil 200 7264 - 14.969 ms

2021-07-05 20:14:09,GET /css/admin.css 404 152 - 3.273 ms

2021-07-05 20:14:12,GET /verifier 302 58 - 4.651 ms

2021-07-05 20:14:12,GET /profil 304 - - 8.578 ms

2021-07-05 20:14:13,GET /css/admin.css 404 152 - 2.782 ms

2021-07-05 20:14:20,DELETE /logout?_method=DELETE 302 64 - 3.289 ms

2021-07-05 20:14:20,GET /connecter 200 6458 - 9.134 ms

2021-07-05 20:14:25,POST /connecter 302 58 - 128.377 ms

2021-07-05 20:14:25,GET /profil 200 7264 - 12.056 ms

2021-07-05 20:14:25,GET /css/admin.css 404 152 - 2.903 ms

2021-07-05 20:14:27,GET /verifier 200 10563 - 12.210 ms

2021-07-05 20:14:27,GET /css/verification.css 404 159 - 2.262 ms

2021-07-05 20:14:29,GET /profil 304 - - 5.446 ms

2021-07-05 20:14:29,GET /css/admin.css 404 152 - 2.853 ms

2021-07-05 20:14:30,DELETE /logout?_method=DELETE 302 64 - 3.190 ms

2021-07-05 20:14:30,GET /connecter 200 6458 - 5.420 ms

2021-07-05 20:14:37,POST /connecter 302 58 - 137.840 ms

2021-07-05 20:14:37,GET /profil 200 7000 - 7.529 ms

2021-07-05 20:14:37,GET /css/admin.css 404 152 - 2.541 ms

2021-07-05 20:14:38,GET /DossierNonVal 302 58 - 3.010 ms

2021-07-05 20:14:38,GET /profil 304 - - 5.669 ms

2021-07-05 20:14:38,GET /css/admin.css 404 152 - 2.646 ms

2021-07-05 20:14:40,GET /saisie 304 - - 33.082 ms

2021-07-05 20:14:41,GET /css/PageSaisie.css 404 157 - 2.611 ms

2021-07-05 20:14:43,DELETE /logout?_method=DELETE 302 64 - 2.529 ms

2021-07-05 20:14:43,GET /connecter 200 6458 - 6.959 ms

2021-07-05 20:15:04,GET /connecter 200 6458 - 6.181 ms

2021-07-05 20:15:07,GET /favicon.ico 404 150 - 2.072 ms

2021-07-05 20:15:32,POST /connecter 302 58 - 120.448 ms

2021-07-05 20:15:32,GET /profil 200 7264 - 26.658 ms

2021-07-05 20:15:32,GET /css/admin.css 404 152 - 1.791 ms

2021-07-05 20:15:39,GET /verifier 200 10563 - 5.110 ms

2021-07-05 20:15:39,GET /css/verification.css 404 159 - 3.581 ms

2021-07-05 20:15:41,DELETE /logout?_method=DELETE 302 64 - 1.727 ms

2021-07-05 20:15:41,GET /connecter 200 6458 - 20.173 ms

2021-07-05 20:16:03,POST /connecter 302 58 - 150.973 ms

2021-07-05 20:16:03,GET /profil 200 7000 - 20.256 ms

2021-07-05 20:16:03,GET /css/admin.css 404 152 - 3.240 ms

2021-07-05 20:16:05,GET /DossierNonVal 302 64 - 1.595 ms

2021-07-05 20:16:05,GET /connecter 200 6458 - 106.752 ms

2021-07-05 20:16:06,GET /favicon.ico 404 150 - 1.811 ms

2021-07-05 20:16:23,POST /connecter 302 58 - 127.293 ms

2021-07-05 20:16:23,GET /profil 200 7000 - 22.276 ms

2021-07-05 20:16:23,GET /css/admin.css 404 152 - 8.977 ms

2021-07-05 20:16:31,GET /DossierNonVal 200 21939 - 22.215 ms

2021-07-05 20:16:31,GET /main.js 404 146 - 3.576 ms

2021-07-05 20:16:40,DELETE /logout?_method=DELETE 302 64 - 3.246 ms

2021-07-05 20:16:40,GET /connecter 200 6458 - 20.465 ms

2021-07-05 20:16:48,POST /connecter 302 58 - 133.648 ms

2021-07-05 20:16:48,GET /profil 200 7264 - 10.530 ms

2021-07-05 20:16:48,GET /css/admin.css 404 152 - 4.215 ms

2021-07-05 20:16:50,GET /verifier 302 58 - 2.920 ms

2021-07-05 20:16:50,GET /profil 304 - - 21.112 ms

2021-07-05 20:16:50,GET /css/admin.css 404 152 - 1.905 ms

2021-07-05 20:16:52,GET /recours 200 14367 - 15.324 ms

2021-07-05 20:16:52,GET /main.js 404 146 - 2.305 ms

2021-07-05 20:40:28,GET /connecter 304 - - 186.766 ms

2021-07-05 20:40:34,POST /connecter 302 58 - 686.391 ms

2021-07-05 20:40:34,GET /profil 200 7264 - 49.269 ms

2021-07-05 20:40:34,GET /css/admin.css 404 152 - 9.299 ms

2021-07-05 20:40:38,DELETE /logout?_method=DELETE 302 262 - 6.994 ms

